type,K,T,r,price,sigma_080_1m,sigma_080_3m,sigma_080_6m,sigma_080_9m,sigma_080_12m,sigma_090_1m,sigma_090_3m,sigma_090_6m,sigma_090_9m,sigma_090_12m,sigma_100_1m,sigma_100_3m,sigma_100_6m,sigma_100_9m,sigma_100_12m,sigma_110_1m,sigma_110_3m,sigma_110_6m,sigma_110_9m,sigma_110_12m,sigma_120_1m,sigma_120_3m,sigma_120_6m,sigma_120_9m,sigma_120_12m,barrier
barrier,110,1.0,0.02,4.7758654188576,0.6458231794386652,0.3686997145135324,0.2562806008316494,0.20562508744720367,0.17492592376726976,0.7333816782017699,0.4170977838867964,0.2881887602138736,0.22975681690386945,0.194131961714254,0.8022295115959736,0.4538757162504466,0.3109470755611842,0.2455833417936408,0.20534976965455468,0.8384395512591845,0.4705364966391267,0.3179189137644278,0.24698647074039345,0.2024533507038022,0.8545599254511187,0.4732035833629751,0.31166419089557895,0.2336536693937705,0.1814489932910949,153.21550624706137
barrier,115,0.75,0.02,3.555013896066288,0.6967425929796299,0.3978906398276527,0.2767008689852416,0.2221173415423735,0.18905121850742804,0.759004467782094,0.4318043612743412,0.2984957849249847,0.23809744580218842,0.20128993369015918,0.7955904524418557,0.4500492134350239,0.3082469900443485,0.24338186106128837,0.2034443817554519,0.8322094544340454,0.4669082582568712,0.31531215836838944,0.24481412699042387,0.20052159201238767,0.8733364867259048,0.4843937759375608,0.32007629005124943,0.24114209742733772,0.18885667547944693,154.77912613912304
barrier,80,1.0,0.02,21.41680114059012,0.39149349914125414,0.22311290010460524,0.15466625814740986,0.12374946998736383,0.1049698493414201,0.45681754010620534,0.25862607962300665,0.17741139336602904,0.14035549184850835,0.11761876867584697,0.5357349537336856,0.30025446605831496,0.20249439392407761,0.15707801268867772,0.12863535538507523,0.6295028524085519,0.3482307613980273,0.22914176298004715,0.17188772450240725,0.13409131960939483,0.730604403444914,0.39838661130986947,0.2537078466361524,0.17884534493265908,0.11596742511531338,138.27932606164217
barrier,120,0.75,0.02,1.3112815503203115,0.5693394300557838,0.3248770473941848,0.22564992979761575,0.1809078510655774,0.15377478112165244,0.5995826473757618,0.3403588065554277,0.2344672864582497,0.18633568920210264,0.15691107907425333,0.6488324661549515,0.3654566614482121,0.24854160687125498,0.19468065070282434,0.16126413640479126,0.7244896126965615,0.40402665527226583,0.2699259600907652,0.20674811823862732,0.1663522341845705,0.8171735352414602,0.450831258623002,0.2946927962134575,0.21829904446618817,0.16572209296295978,158.2653855697322
barrier,100,1.0,0.02,6.592487724004565,0.3978360385293484,0.22673826543178457,0.1571908791688931,0.1257789693398946,0.10669971298721298,0.4915027890658853,0.278464693335499,0.1912402500165828,0.15148271236586267,0.12711190560285543,0.5769186108577419,0.3239989195975453,0.21926702736905487,0.17078074520273645,0.14053454335727675,0.658440257285054,0.36527631933538773,0.24167456998671388,0.182699557279036,0.14425735258828945,0.7332596609191582,0.4000127484930725,0.2550145455997446,0.1801885174399847,0.1182700044901394,136.09142637810098
barrier,100,0.5,0.02,6.871815600746874,0.406554898351369,0.2317224214072176,0.1606622780199388,0.12856993996788238,0.10907914029206273,0.5060371161684489,0.28678177338326605,0.19704179341584938,0.15615474236545873,0.1311013233461773,0.5956584068532238,0.3348027308142344,0.22689707452668767,0.17701175238738626,0.14594165836159909,0.6702959886792729,0.37224649896313133,0.24677842070086356,0.18707337165923155,0.1483213200610315,0.7375906772123108,0.4026622851678037,0.2571373371051568,0.18235331589975384,0.1217797737321059,138.6124938365881
barrier,115,1.0,0.02,2.4021140399418814,0.5978668486321922,0.3412187181970074,0.2370684636084467,0.19011880403213105,0.16165401815355615,0.6339936152208228,0.36008465946629487,0.24826510746268884,0.1974786293046273,0.16645443028447415,0.6719042117777884,0.37875638391737,0.25793070579234256,0.2023424825886153,0.16790462684946217,0.7058304240138213,0.39309811115376997,0.26198666157599887,0.2000261134187061,0.1602307856048746,0.7132410041735968,0.3877174583052788,0.24505518143949465,0.16971495523084526,0.09495850399978052,157.08723810268873
barrier,105,1.0,0.02,5.793907366291879,0.4996279925452271,0.2849628256341876,0.1977817719297248,0.15844522334371847,0.13457515185900298,0.6314779213358775,0.3586422981224185,0.24725589164837714,0.1966633686153495,0.16575598288774937,0.7263004360771046,0.4101115903334658,0.2800628232131647,0.22039784213203875,0.18354563844828511,0.786669977566585,0.4403618307194373,0.29620438033932217,0.2288503381669249,0.18627402104136861,0.8139689082373368,0.4489072077237532,0.2932221192219487,0.2169497814100918,0.1642948167351253,140.9577297424211
barrier,120,1.0,0.02,2.3048314300081683,0.6977118629441968,0.3984464041101444,0.27708977560287873,0.22243151435457986,0.1893204034398168,0.7465051932832143,0.4246298605478041,0.29346716896788383,0.23402763357229756,0.19779685699222896,0.8037448941366381,0.4547491222254576,0.3115633681661989,0.24608581883102298,0.20578465234294963,0.8655997297565065,0.48634518615584743,0.3292651049919291,0.25642862696124047,0.21083383404818284,0.9304075789623633,0.5182552451185272,0.3452887643688046,0.26323593855328176,0.21007049027452537,167.61890216041454
barrier,110,1.0,0.02,2.4706824009240433,0.37170046058622486,0.21180156560072624,0.14679135507018218,0.11742063180591365,0.09957718065799508,0.5039278412492103,0.28557463245899845,0.19619955065235237,0.15547639792927745,0.1305219816074501,0.6379525419761019,0.35918477438190993,0.24411354967004778,0.19106667682224387,0.15813117931153053,0.7571909963005514,0.42314986207475613,0.28377705358134,0.2184228612077769,0.17690896237067907,0.8724911163277355,0.4838905509497827,0.31969897457822954,0.24080765844471547,0.18852869677720813,138.999662233838
barrier,120,1.0,0.02,1.953854869846087,0.6585383632410836,0.37598798402600375,0.2613778027680323,0.20974084703056486,0.17845014920693375,0.7056610154500804,0.4011909094282373,0.27704402554092183,0.2207413817105299,0.18639719440496588,0.7467030183253585,0.4218715953262211,0.2883625351612173,0.227167106038534,0.1894074579479978,0.7764373060775553,0.4343900336178842,0.2918964254801283,0.22524012315811578,0.18303760044012193,0.7918659948385078,0.43560553812783936,0.2829983570279857,0.20746759014038638,0.1539752945720585,164.96441117787512
barrier,105,0.75,0.02,5.029851687387031,0.5315194812595745,0.3032190563664474,0.21052443594927175,0.16871294832002057,0.14334851711408172,0.5906935993638925,0.33526467451478886,0.23090547777128487,0.18346050462174499,0.1544496354613717,0.6366627387450254,0.35844124241525294,0.24358858831472094,0.19063820420426159,0.15775970191183478,0.6802101317558678,0.37806983011512485,0.251034284648156,0.19070942556517373,0.15168204338874014,0.7281150860830817,0.3968608542332587,0.2524790510987592,0.17757451192844864,0.11368082226099765,145.2175205158257
barrier,110,1.0,0.02,3.6845452342743,0.5405344157880392,0.30838070797479233,0.21412847369424542,0.17161799343994996,0.14583163861466755,0.630167378725473,0.35789092119088717,0.24673017265221914,0.19623869978635639,0.1653921754237512,0.72084146646653,0.4069650076074435,0.27784200286562544,0.2185863955013754,0.1819768281680851,0.810461040183204,0.4542362723431282,0.3061991347129281,0.23720989413936514,0.19374673881523102,0.9134342913199248,0.5082058954408329,0.3378395187971916,0.256754827054586,0.20392777465242265,153.96960558270106
barrier,115,1.0,0.02,2.1908782763496553,0.5657385159869006,0.3228146945023641,0.22420916513589548,0.1797459223770416,0.15278116385134222,0.6186980049895063,0.3513156489283403,0.24213013020581825,0.19252330815530547,0.16220954937203774,0.6936360493046438,0.3912833494726276,0.26677343162890943,0.2095571893530564,0.1741557179650282,0.7820936962278221,0.4376914453395555,0.2942784822269087,0.22723692659746716,0.18482839186337938,0.8645311680372745,0.4791495573948349,0.3161398843796754,0.23764643321809908,0.1854158655193663,158.17874438204774
barrier,110,0.75,0.02,3.27655975946787,0.4941491951647957,0.28182714670058584,0.19559379127904758,0.1566826368358467,0.13306973418414322,0.5874684189549936,0.3334165054594825,0.22961340903141614,0.1824176393123392,0.15355692245857705,0.6789532907605879,0.3828197488948244,0.2607991011402846,0.20468291083369308,0.16993261616872285,0.7564878234947163,0.42273900679991067,0.2834799852218074,0.21817309135512364,0.17668396082123602,0.815665457888963,0.44992594855277507,0.29400105071634336,0.21766482845943796,0.1650523004937833,141.95956189657082
barrier,120,0.75,0.02,2.184947333984879,0.6813864679358569,0.3890860817617609,0.27054047263247893,0.21714073307494422,0.18478797351566006,0.7231361654961543,0.41121803579653843,0.28406890839759713,0.22642371983145346,0.19127197033168883,0.7278182646879928,0.4109864724428588,0.2806802971512527,0.22090148352736355,0.18398180397918307,0.7337240752244316,0.40943057482194156,0.27384510881417456,0.21005781055886877,0.16935352588185384,0.7274281806161333,0.39643961951178874,0.2521393224599116,0.17722178973822453,0.11302481181237464,160.4212677957229
barrier,110,1.0,0.02,4.439052614757364,0.6076535846692794,0.3468260893272167,0.24098759090826413,0.1932810932087109,0.16436005637921575,0.701641398283398,0.39888456378815346,0.27542855680016454,0.21943483070118455,0.18527651944874649,0.7730852957676143,0.437077914555448,0.2990937207042658,0.23591834099573175,0.19698398434474285,0.8388816832810108,0.4707939529271746,0.31810384655824586,0.24714053954903598,0.20259030610610623,0.8927270735193987,0.49592230717353875,0.32869755801941875,0.24874996260104418,0.19625523463440483,153.19044206648923
barrier,115,0.75,0.02,2.719946565448934,0.5679893614328495,0.32410381191143844,0.2251097433123847,0.18047219989314178,0.15340221884823807,0.6956283724521647,0.3954347058028172,0.27301222336470576,0.21748068434197873,0.18360052278535324,0.8037544832206474,0.45475464898668055,0.3115672679509002,0.24608899840104265,0.20578740417522587,0.8800365802771442,0.4947428815486617,0.3352850905258831,0.2614301420023682,0.2152634256352078,0.9413886461049494,0.5247483089317606,0.3500888972470099,0.2673948055594621,0.21398429308108824,150.46490239420538
barrier,115,1.0,0.02,3.2155786548632364,0.6738893164991776,0.3847879251809415,0.2675334259661412,0.21471197713868764,0.18270766793374638,0.7283167556654513,0.41419104054536016,0.2861519788168427,0.22810893779692934,0.19271793370110588,0.7825036041826291,0.44250637947662774,0.30292441716890967,0.23904196714426681,0.1996879194554378,0.8417319923038874,0.4724536140559269,0.31929586833569606,0.24813348001324426,0.2034728272366296,0.9091251258439907,0.5056518937080319,0.33594218042688645,0.2550984043954683,0.20234837802066732,157.60949380781904
barrier,115,0.5,0.02,2.228424805617332,0.5665363318947386,0.32327161831092854,0.22452837053354224,0.1800033455803094,0.1530012835786243,0.615653181337751,0.3495702361076786,0.2409091976172411,0.1915373207342691,0.1613651307775263,0.6579387663901802,0.3707060437493875,0.25224758613830817,0.197705033761757,0.16388559623146703,0.7068912630599998,0.393719785053527,0.2624388558959727,0.2004096503077321,0.16058098602326495,0.7594013784423177,0.41595462262406385,0.26768093345458366,0.1928376537813155,0.13654123241867555,154.49366765780783
barrier,90,0.5,0.02,13.74931606877629,0.4613126461141401,0.2630380634490486,0.1824879018350436,0.1461293184880834,0.1240587655307215,0.5550290603099441,0.3148322091783559,0.2166256993056541,0.17193901045740068,0.1445918697237504,0.6330360373050772,0.3563505527935611,0.24211246545997672,0.18943336752727907,0.15671509211939466,0.7039366034297696,0.39198818147223774,0.2611791519070013,0.19934099625764537,0.15960491145252045,0.767556753892544,0.4209052495713165,0.2715672185894115,0.1966075293683954,0.1412796124421745,139.72574032983567
barrier,115,1.0,0.02,3.4639479642121893,0.6975065651604423,0.3983286891589227,0.2770074020574783,0.22236496943097245,0.1892633873276001,0.7475148671989129,0.4252093816223809,0.29387332774037406,0.23435668533364112,0.1980789503591711,0.7763956077345976,0.43898589681550104,0.3004401353148999,0.237016251004611,0.1979344016892307,0.7813096439941979,0.4372338751675467,0.2939484037016768,0.22696031538225467,0.1845804285488426,0.7479268821675255,0.4089717803841045,0.2621630875338639,0.1874021229668932,0.1292532984910599,160.97121326222285
barrier,120,0.5,0.02,1.7002120429414334,0.6195403115596052,0.35363694471901713,0.24574856294809738,0.19712330900598501,0.16764819839594913,0.6676451738612345,0.3793824534971182,0.26177175561847704,0.20839305519851806,0.1758081256475995,0.7177887585845122,0.40520540016285683,0.27660007474830506,0.21757337060523743,0.18109945663354404,0.7678731876459622,0.4293898581609236,0.2882863554118384,0.2222111775633571,0.18031752621422573,0.8077390247212523,0.4451636142406757,0.29035496117600174,0.21430932656918286,0.1614747297813793,166.81456976375136
barrier,115,0.5,0.02,2.7688717404289456,0.6368570594143177,0.3635608835316634,0.25268693401966447,0.20272395897905035,0.17244219822263662,0.6676015417307094,0.37935742783784077,0.2617542352876663,0.20837889334420098,0.17579598527537565,0.687244350829429,0.3875989938114161,0.26417274217292475,0.20743542831316783,0.17231750306516253,0.7085543058049676,0.39469427376895033,0.26314754768377513,0.2010105701146153,0.1611294304551373,0.7370936866224661,0.4023584247214791,0.25689427156399036,0.18210641763693014,0.12139059307836157,155.09614187366068
barrier,120,1.0,0.02,1.8705446667576309,0.6364593466509756,0.3633329476772225,0.25252758971818895,0.20259529383346753,0.17233204903600235,0.6963060316703847,0.3958234902887894,0.2732845237449246,0.21770089278645716,0.18378937830650238,0.7497733206688011,0.4236412890577691,0.2896114625227492,0.22818566511654223,0.19028938041220736,0.8042135636559902,0.45059417470390056,0.3035772753109527,0.23501907843963019,0.1917910340693613,0.845869237803078,0.46801449726850064,0.30774738801800694,0.23014150053538737,0.1779231516327451,164.80930901716607
barrier,110,0.75,0.02,4.3217968392674315,0.6096942796885854,0.3479951218600675,0.2418047231590881,0.1939405078406318,0.1649242789860981,0.6888457070539867,0.3915435109381991,0.27028701845046527,0.21527742061405547,0.18171065618195553,0.7601311453997344,0.4296114017391758,0.29382466717338823,0.2316216049012455,0.19326422488114137,0.813440815836222,0.45597308375930073,0.30744899304814416,0.23825377483553678,0.19467791065597748,0.8517939523229091,0.47155275611014297,0.31041933597712534,0.23253923596183845,0.1803342242018822,153.2578070450137
barrier,115,1.0,0.02,2.903251120495142,0.6265010685594116,0.357625915987726,0.24853734252133725,0.19937429412217314,0.16957473504505563,0.6981992990776827,0.3969097024175121,0.2740453086095373,0.2183161469196806,0.18431704558102605,0.7580043224103351,0.42838553433734217,0.2929595637051325,0.23091611411123955,0.19265343094231935,0.8036165097350069,0.4502460625513707,0.30332661245924086,0.23480955023379108,0.19160389534483024,0.8304780823878757,0.45880775711256033,0.30077000139772275,0.2238404150038743,0.1714981649257508,159.45204252157322
barrier,120,1.0,0.02,3.0904814692703675,0.7901377233421544,0.451459653430284,0.31420492315690485,0.2524316631739959,0.21503729531426333,0.8162598193257347,0.46467684018187205,0.32154514821388896,0.256758417771677,0.21731390293487587,0.8279298451868706,0.46868820211125994,0.32139873628402615,0.2541043588312535,0.21272391146527003,0.8096151588631068,0.4537432001321957,0.3058442558642889,0.23691344184218996,0.19348220694335888,0.7607571433912993,0.41677833720733093,0.2683289577958816,0.19346940653372482,0.13735093854031097,167.60953945065387
barrier,120,1.0,0.02,1.4247714522934425,0.5694846775469564,0.3249602378899421,0.2257080474915748,0.1809547225366686,0.15381486583850615,0.6633762176379072,0.37693400199039645,0.26005766410802444,0.20700758637117997,0.17462046361137198,0.7580491372464718,0.42841136493294435,0.2929777926003038,0.23093097983533228,0.1926663013787614,0.8434869069506529,0.4734753768481068,0.3200296240920153,0.24874456967826453,0.20401585308533463,0.9382079710123136,0.5228682441415021,0.3487000157062488,0.26619279306879373,0.2128548500054653,151.27707346946124
barrier,120,1.0,0.02,1.7518987674180904,0.5974719980350727,0.3409925007525906,0.23691036607235905,0.18999124520409838,0.16154487720971114,0.719446843572616,0.4091014051454855,0.28258560476232664,0.22522378634457177,0.19024246071267256,0.8126086224862454,0.4598577973014028,0.3151681021492387,0.2490247700372391,0.20832815725795198,0.8750032721811006,0.49181548058237157,0.3331870830795419,0.25968799134654275,0.21372094419383936,0.9027506629596875,0.501871719298038,0.3331306719934456,0.2526393658484301,0.19999592773267857,144.18050474536628
barrier,115,0.75,0.02,2.1636109076759267,0.560673972097668,0.3199138316344362,0.22218296488777187,0.17811194965948832,0.15138383071038183,0.6061250870358972,0.34410850186985237,0.23708958131324176,0.18845272020718526,0.1587237119273778,0.6432644607635629,0.36224691776904694,0.24627550276774382,0.19283120619763086,0.15966091485879383,0.6820488682858524,0.3791493501538045,0.2518224539951547,0.1913817765005054,0.1523018641128205,0.7372551435859097,0.4024571446435048,0.2569732508871442,0.1821866721376554,0.12151738306986982,147.82895944420005
barrier,90,0.5,0.02,13.428676730478486,0.39376602075274264,0.22441182982660252,0.15557076099255665,0.12447655335325752,0.10558955506777604,0.5088535865534185,0.2883937137349566,0.19816654404616788,0.15706068846056107,0.13187510574772981,0.5926457405084632,0.33306590167339506,0.22567052171715704,0.17601019398093937,0.14507267099857285,0.6690809499105501,0.37153248621618934,0.24625609742528076,0.18662644578020968,0.14790716890478134,0.7304987666024821,0.398321888834972,0.2536557761024632,0.17879164766487393,0.11587307063423147,135.70889774200165
barrier,105,1.0,0.02,5.449825935974564,0.5041289274482467,0.28753898993065985,0.19957933635191097,0.159893240737501,0.135812306478721,0.6094636662061577,0.34602236676833686,0.23842812923079243,0.1895334757021461,0.15964915698051702,0.6931311734087183,0.39099232578349397,0.2665680080357233,0.20938959893832015,0.17401052881893095,0.756312280967262,0.4226364371556666,0.28340581910729074,0.21811072984683502,0.17662777800261623,0.8022544325802952,0.4418645726731829,0.2878217766905432,0.2119648663248463,0.15893829025616063,139.9807049137113
barrier,105,0.75,0.02,4.977157702561011,0.45002542715266397,0.2565811149407503,0.17798574842499212,0.14250569722849488,0.1209660789593289,0.545298919386525,0.3092592648012296,0.21273309161106518,0.1687999250325569,0.14190757963268544,0.6696862968811602,0.37747788330878973,0.2570281739635292,0.20160604756817072,0.1672664140007809,0.7943159965773054,0.44482231233611275,0.2994196549858697,0.23154198340206678,0.18868323038277243,0.9068394653775486,0.5042967450392475,0.3349347409179912,0.25421789537258493,0.2015071246598738,142.97936714946854
barrier,120,1.0,0.02,1.5623395280682562,0.5749499504403266,0.32809072106366977,0.22789509836702743,0.18271875899981074,0.1553234736248004,0.6737684954353197,0.3828946563545155,0.2642307468864078,0.21038078119593462,0.17751221019913085,0.7390896330375889,0.41748328626374825,0.28526551775697445,0.2246412660846952,0.18722034653661157,0.7918932021157603,0.44340907638794813,0.2984011635642295,0.23068961686675435,0.18792063693008873,0.8119878485053719,0.44771723248575623,0.29231156261289065,0.21611267960141892,0.16340484260140384,145.36524675523734
barrier,120,1.0,0.02,2.325645185879599,0.6788058251130025,0.38760655732084365,0.2695053092141652,0.21630465318762457,0.18407181318131588,0.7837086750584031,0.44598634035196394,0.30843809597991917,0.24614538055966492,0.20819935850246044,0.8546454506130005,0.4840854959373157,0.3322623429739354,0.2629602625872317,0.22038658171459016,0.9141891128718557,0.5145957138996378,0.34949921880260365,0.2732210064865293,0.22568229221396993,0.9540828771993696,0.5322466179438813,0.355620497049642,0.2721720153959158,0.21845551840482205,156.4741992014637
barrier,115,1.0,0.02,2.625909368582272,0.6035002697719594,0.3444463026087537,0.23932423499221425,0.19193877243829793,0.16321129299426324,0.6683221191630971,0.3797707238795391,0.26204358316225485,0.20861277734598518,0.17599648552037553,0.7285324368797498,0.41139812347044147,0.28097083094783937,0.22113845523252879,0.18418702492605207,0.7932331249186486,0.4441906822001518,0.29896447640717155,0.23116107745254844,0.18834247991189781,0.8596084405440626,0.47621507781694317,0.3139329153204312,0.23567996274253186,0.1834673039262405,156.40112775845543
barrier,90,1.0,0.02,13.316248018462645,0.39271746325326534,0.2238124901476126,0.15515340800258248,0.12414106057362002,0.10530360438322457,0.5061248293222766,0.28683197272355376,0.19707681935449048,0.1561829533113875,0.13112541776533687,0.601402970094427,0.3381144980945027,0.2292357916714321,0.1789213678576899,0.14759836631585324,0.6732340796650831,0.3739727562302437,0.2480407731898443,0.18815288480490078,0.1493206802272415,0.7099212600579713,0.38567020004286545,0.24337760588337168,0.16788975341143678,0.08759108854778522,136.48193062576618
barrier,115,1.0,0.02,2.383930143372951,0.5500758542930236,0.31384448153689515,0.2179439302816179,0.17469395500429413,0.14846107155055113,0.6496143155016931,0.3690416265661005,0.2545332248256861,0.2025429593359948,0.17079386716911524,0.7354617676893417,0.415392194232696,0.28378971786342766,0.22343760629127066,0.18617805000120677,0.8175694923363817,0.45837922580311263,0.30918007157671995,0.23969905500033376,0.19596642854264174,0.8967590837554048,0.49831625824010295,0.33048261667632556,0.25031814137042213,0.197766305464614,154.56530149175936
barrier,115,1.0,0.02,3.2747924893521274,0.6789038965912181,0.38766278275316235,0.2695446450591535,0.21633642527497873,0.18409902764686945,0.7274699797100775,0.4137050897324583,0.2858114818921304,0.2278334657563116,0.19248156379118056,0.7532614037936182,0.42565178092917555,0.29103031400598933,0.22934278423496363,0.1912912465311929,0.7659854694558195,0.4282874377737863,0.2874900342776346,0.22154258309211786,0.17971649721720429,0.7542408116087118,0.41281704182599094,0.2652068449250193,0.19041338418514694,0.1333674987914197,158.6367725505333
barrier,85,1.0,0.02,17.305951081050686,0.32842485013407263,0.18708097395326453,0.1295933596534803,0.10360991272936336,0.08781772812485644,0.33737823787849436,0.1904399376324299,0.13002201390028817,0.10234362339846076,0.08529552266140089,0.5133613236410346,0.2873540416873666,0.1933794796200345,0.14962764204090714,0.12215984027734371,0.6531594942359858,0.36216929089814215,0.23939578592853708,0.18074166489866175,0.1424302675784441,0.7621076626527646,0.417598577650053,0.2689736841399571,0.19409666526109626,0.13814829445603544,135.12178153642458
barrier,100,1.0,0.02,7.399774828199037,0.4543987064429679,0.2590827697676874,0.17973002872148972,0.14390951203723784,0.12216412145912099,0.5575797914398145,0.31629275626061076,0.21764637649595742,0.17276222473725353,0.1452958573304225,0.648657175543368,0.3653556134529376,0.24847026709826678,0.1946224292740882,0.16121366818668753,0.7156268333231854,0.3988373541734655,0.266158298576448,0.20356113993778457,0.16345449878361187,0.7312050201058476,0.39875456100132983,0.254003778501832,0.17915026665874118,0.11649971039743895,137.407920751993
barrier,120,1.0,0.02,1.5231371479842595,0.5933944987340796,0.33865647328882426,0.2352778291145717,0.18867409695631843,0.1604179278250395,0.6398429042899185,0.36343848148068025,0.2506119326100958,0.19937458037864567,0.16807885224073207,0.6885422975884201,0.3883471693507824,0.26470086480825966,0.2078663027223767,0.1726908077559704,0.7350903700929401,0.410229866959205,0.2744244287746153,0.21054659502068115,0.16979620201875287,0.7742345429753918,0.4249515366011347,0.2747291729087754,0.19964359808402182,0.14495301265718927,150.4165038340734
barrier,110,1.0,0.02,4.440221027199814,0.6257350170557887,0.3571869126796902,0.2482304148733016,0.1991265718446773,0.16936268150870581,0.7030562471811788,0.3996963558896453,0.27599716226565535,0.21989469703930398,0.1856709544547162,0.7567921227634368,0.42768684029933945,0.2924664877834168,0.23051400771028033,0.1923052936718217,0.8159772322147051,0.45745132047611,0.3085125591165397,0.23914181792771355,0.1954697167173415,0.8747484370450989,0.48523415113147494,0.32070620617051554,0.2417001446024447,0.18940339400462408,152.63775985217964
barrier,110,1.0,0.02,2.8940716479423556,0.468122947098449,0.26693411287948654,0.18520493611751135,0.1483166792911105,0.12592597494469943,0.5507622995658882,0.3123883356864767,0.2149185730438132,0.17056225837182648,0.14341449530262634,0.6610471696348076,0.3724978867257784,0.2535125636028663,0.19873730601881592,0.16478026796482878,0.7783554482119381,0.43550967215278097,0.29270440782472834,0.22591758673003207,0.18364537698676586,0.8985589661787071,0.49938456915109825,0.33127866204180967,0.2510164754283628,0.19843803686964198,153.74596295622308
barrier,115,1.0,0.02,2.1351527986016428,0.5570894978630019,0.3178610364820636,0.2207489871074326,0.17695563109860554,0.15039516154414606,0.6082900115693018,0.34534965198655976,0.23795762689733033,0.18915357896467055,0.15932384664176008,0.6590257869373707,0.3713326589763758,0.25268995620426554,0.19806602846975757,0.16419847514888547,0.725748679718285,0.4047636263292961,0.2704606971820923,0.207200017420913,0.16676254937682405,0.8086133303434694,0.44568925106175883,0.290758002427816,0.2146813220078737,0.16187427816064906,160.38247558690284
barrier,100,1.0,0.02,7.556786608837258,0.4865186736140463,0.27746029882985973,0.19254719912818105,0.1542287677293696,0.13097398961201545,0.5856785494851017,0.3323908655552917,0.22889641391073925,0.18183896324073093,0.1530620810895975,0.6626175930136602,0.3734031564031596,0.25415164522471345,0.19925881215873897,0.16523224365483843,0.7212131034203011,0.40210854387078016,0.2685338146449706,0.2055711489581631,0.16528290469377932,0.7714454154939605,0.42326229805637455,0.2734106447078536,0.1983806971496418,0.14343897663899302,137.2094679794569
barrier,115,1.0,0.02,3.02951191356477,0.636177158677526,0.3631712214643412,0.25241453362773425,0.2025040035348062,0.17225389649557185,0.7114085648932487,0.40448882553107723,0.2793541986061251,0.2226099095594151,0.1880000248910392,0.7575028525742129,0.4280964946075145,0.2927555854696942,0.2307497689433746,0.19250941240155672,0.7861966456954773,0.44008565347593265,0.2960052344955676,0.22868354566637067,0.18612462728767432,0.783456764114447,0.43052929428480385,0.27906810557751033,0.20376825662405876,0.1497793783768441,148.48621722299129
barrier,95,0.75,0.02,10.160874350877465,0.4050634490909115,0.23086978873873354,0.1600684035733461,0.1280923464792283,0.1086719960788919,0.5279467401399646,0.2993232959584652,0.20579496836598754,0.16320710789229126,0.13712652560131106,0.6187807851240457,0.348132696795562,0.2363100190659441,0.18469690436865085,0.15260792250662192,0.7001049610226618,0.38974209215094774,0.25954438383004413,0.19795322585115246,0.15833585006980236,0.7539345714074991,0.4126306832298586,0.26505964745069854,0.19026851627453234,0.13317420441273634,135.34599464667662
barrier,105,0.5,0.02,4.963357788112088,0.5136249744700747,0.29297459096374223,0.20337311794155216,0.1629497698642895,0.13842352670775024,0.5715030494784061,0.32426880295960964,0.22321948478136047,0.1772579961341134,0.14914190791031123,0.6412733942241122,0.36109913731188514,0.24546514630219188,0.19216982448788442,0.15908755307316244,0.6994719699960502,0.38937097839390017,0.2592741895170971,0.1977237540563744,0.15812583606385494,0.7382148843425168,0.40304386141305154,0.2574424304619242,0.18266283942369824,0.12226403988566983,145.92809932435725
barrier,105,1.0,0.02,5.8818914713471315,0.5319482944611448,0.30346458779014324,0.21069584950653072,0.16885110526115588,0.1434665977099802,0.6439269307472713,0.3657802803386513,0.25225073460184044,0.20069865447801882,0.16921340472341706,0.7349333196134634,0.4150875974750599,0.28357474553446793,0.2232622731001886,0.18602621911362088,0.8096285490101822,0.4537510055013011,0.30584987379655953,0.23691813504973133,0.1934863950666757,0.8607175128019886,0.47687637388653153,0.31443054049611313,0.23612379116188312,0.18390794522641726,142.64670455583072
barrier,105,1.0,0.02,4.622329072333619,0.39282490121827246,0.22387389972341215,0.15519617038113523,0.12417543514729959,0.10533290253366258,0.5259715875052082,0.29819248715845453,0.205005533492946,0.16257086522697053,0.13658281204965295,0.6301346941933131,0.3546780033681157,0.24093154959420204,0.1884694541612435,0.1558793231055352,0.7096029571839515,0.39530869366049404,0.2635942981899811,0.20138927688196567,0.1614749150666941,0.7543832504380602,0.41290371583870966,0.2652752948962677,0.19048072603603422,0.13345720388955953,132.31831444017584
barrier,100,0.5,0.02,6.9440078940306575,0.3164922715425184,0.1802677773578748,0.12485629356183332,0.09980848281973484,0.08458312777782166,0.4938370039815982,0.27980026851443496,0.19217181204023184,0.1522326866093147,0.12775218758424503,0.6020087181525184,0.33846371277212095,0.22948239692967248,0.1791227194259649,0.1477730404570532,0.6759491458511163,0.37556760436236764,0.24920646160724266,0.1891489725402645,0.15024159986154983,0.7161900282832827,0.38953395442759337,0.24653845190631754,0.1713129376650265,0.0998376167035404,129.10855518030527
barrier,115,1.0,0.02,1.9970158272654712,0.5363104262593542,0.30596194830689877,0.2124396775552988,0.17025667837378197,0.14466798338420953,0.6015069226575152,0.34146164017366654,0.23523850646236705,0.18695827778762217,0.15744412586314135,0.6852387182662169,0.38644288452832015,0.26335666166952443,0.20676961244584702,0.17174063646584734,0.7705585285880933,0.43095791569613456,0.28941878133434684,0.22316167718946478,0.1811715847459803,0.8548595859012861,0.4733823926111722,0.3117989642122874,0.23377422092300434,0.18156937739934603,157.43269783459252
barrier,115,1.0,0.02,3.1842700160037745,0.6729754543875162,0.3842640204686835,0.26716692078971555,0.21441596266749452,0.18245414363964696,0.7200480434116906,0.4094464016010155,0.28282731101822134,0.225419313141112,0.19041021345009967,0.7610066667797392,0.43011603776194385,0.29418079083964477,0.2319120209734782,0.1935156556998471,0.800553652814934,0.4484601333872521,0.3020404479620617,0.23373423898822268,0.19064321745982532,0.8403046842140567,0.4646885371531317,0.3052309472954954,0.22787619830225214,0.17562864044877607,157.27781045759048
barrier,120,0.75,0.02,1.4088193127752924,0.5840687218770657,0.3333140158678217,0.2315446848584491,0.18566239021675882,0.15784146311207328,0.627252690039832,0.3562198759069606,0.2455610277825859,0.19529431829222937,0.1645831709736558,0.6751533163051142,0.38062929949321944,0.2592528377441781,0.20342127394521564,0.1688394044840234,0.7243782919430392,0.40396149303517964,0.2698786752266435,0.20670815348724306,0.1663159398526719,0.7646000223026692,0.4191115758510963,0.270161476612321,0.19524901796225716,0.139596990584742,164.06719029191802
barrier,120,1.0,0.02,1.6418633307039736,0.6204585433260336,0.35416314843081587,0.24611642343520698,0.19742011046445668,0.16790230018731472,0.6582077324380212,0.3739697707516197,0.2579826436428952,0.20533051675721362,0.17318295113908166,0.7141707471034937,0.4031199389315694,0.27512814230499577,0.21637270867268743,0.1800595389358178,0.7770479804947736,0.4347465009479762,0.29215368357938437,0.2254558423565884,0.18323115317958322,0.8411878795899118,0.4652166113641718,0.3056308069856623,0.22823674982941997,0.17599486699567202,161.41254317878622
barrier,110,0.75,0.02,4.09035612014227,0.5463407515701529,0.3117055797462467,0.216450214484768,0.17348968705262127,0.14743169108994947,0.6636670376695277,0.37710079787289813,0.2601744295496648,0.20710196264501296,0.17470136277529083,0.7711292596485101,0.4359505006356061,0.298298127299374,0.2352695797581167,0.19642236558196927,0.8648450274633201,0.4859060896191851,0.3289502020316622,0.2561668417416493,0.21060181483608761,0.9442937059984341,0.5264650035646459,0.35135640068894886,0.2684908599196119,0.21501231062132806,153.72783856512683
barrier,120,1.0,0.02,2.1984612498607152,0.6823349690003209,0.38962988020883904,0.2709209932943158,0.21744804659962955,0.1850512157832375,0.7263506398673915,0.4130627239593896,0.28536139370595837,0.22746933579581477,0.1921691249545823,0.7490445898708131,0.4232212559100674,0.2893150332860383,0.22794391469605715,0.19008006225298502,0.7789104617217715,0.43583362080681637,0.29293815832104686,0.22611354762566716,0.1838211403961177,0.8031065031456996,0.4423773758836601,0.28821594804314304,0.21233041039252562,0.15933593511276561,162.9794024851925
barrier,120,1.0,0.02,1.0392635527312,0.513675992306028,0.293003795454856,0.20339350120654068,0.1629661942902272,0.13843756043228306,0.6005065189520646,0.34088828885724043,0.23483755431979952,0.18663459467324398,0.1571669931275411,0.6925945752627447,0.3906830163627524,0.26634967673584475,0.20921147739267515,0.17385621527976058,0.7711594430936016,0.4313087817961505,0.2896721324984499,0.22337428096694287,0.1813625555442255,0.8326695127897534,0.4601198975374229,0.30176679034338233,0.2247443929614138,0.17242873891540816,145.99349647362698
barrier,120,0.75,0.02,2.287642048431685,0.6870543019768519,0.392335542616631,0.2728137295219913,0.21897718360424198,0.18636111350127718,0.7529859204887583,0.4283496711071912,0.2960742942555538,0.23613769354974853,0.1996077339893698,0.8263201770027372,0.4677604734996023,0.3207441525430824,0.2535707181797944,0.2122621323548456,0.9124363440439439,0.5135772525306607,0.34877058597936783,0.27261721105763476,0.2251494696537048,0.9967055639865553,0.5573687681539058,0.37407275654583644,0.2880044957927671,0.23312008973472714,166.01329571641517
barrier,80,0.75,0.02,22.11582430077098,0.2849062813864723,0.1622384025342321,0.11232814510175261,0.0897597243986594,0.0760376319049606,0.3314391341771645,0.18705576446808175,0.12767734991268373,0.10046879164271623,0.08370662097676103,0.4935333966762864,0.2759208388841214,0.18529965632719353,0.14302068817238747,0.1164132515255999,0.6488106131541813,0.3596093964286051,0.2375164811793212,0.17912449322697682,0.14091656820748485,0.7975194924663708,0.4390133777393298,0.28562781203833876,0.2099246534139909,0.15670367987517006,132.34422300721326
barrier,115,0.5,0.02,2.279172887292994,0.5739197295569687,0.3275003694898848,0.22748265016711078,0.18238614938432493,0.15503894841154647,0.617963562249614,0.3508946314462988,0.2418356186258257,0.19228546407955616,0.16200591215854734,0.6660830456794,0.3754008079145788,0.25556188614262076,0.2004095794713438,0.1662295498460862,0.7317269565534866,0.40826213175733006,0.27299806701824664,0.20934293998710427,0.16870580252719802,0.8028321339518223,0.44221226097532046,0.2880890476560953,0.21221275650248608,0.15920804044941145,160.53786755077235
barrier,120,0.75,0.02,1.9768311758900612,0.6525268229589734,0.3725423157539146,0.25896774512858606,0.20779473844226293,0.17678370734379137,0.7081102431961566,0.4025962459356177,0.2780284329985206,0.22153757903099883,0.18708015744407158,0.7611515741207883,0.43019955991046166,0.2942397326644739,0.23196008744140412,0.1935572695796554,0.8173623235494994,0.458258499275589,0.3090932281734183,0.23962656337285299,0.19590181668842144,0.8774311259029187,0.48683044865035685,0.3219020786239154,0.24275859905156946,0.19043851011723092,164.2397467462059
barrier,115,0.75,0.02,3.2030171063928234,0.670987923609695,0.38312460935167747,0.2663698428012675,0.2137721966479188,0.18190280589030783,0.7268565807662333,0.41335307217885353,0.28556483195956534,0.22763392058387724,0.1923103450149793,0.7934292873249095,0.4488035944768292,0.3073680367438944,0.2426652029353629,0.20282409237434512,0.851327026874486,0.4780394073816198,0.3233062038775399,0.25147229038815994,0.20643780960247202,0.8913516713086779,0.4951054333699983,0.3280880607333797,0.24821413008434418,0.19573773403810366,158.59140105470178
barrier,90,1.0,0.02,14.007387074157519,0.4898061546753681,0.27934163438510284,0.19385961557103434,0.15528586629795016,0.131876775572657,0.6118193685137495,0.3473726375701727,0.2393725488846799,0.19029605548221656,0.16030218623234704,0.7010545381550508,0.39555954031283924,0.26979180172930817,0.21201959343282767,0.17628888457959238,0.7507387131199345,0.4193793152782219,0.28104996937994386,0.2161290155176605,0.1748412745263001,0.7570431160322175,0.414521628016082,0.26655181338750267,0.1917337314918619,0.1351098181260408,137.72003544738484
barrier,120,0.75,0.02,1.8448939878754995,0.6361519425565579,0.36315676974052763,0.25240443114019456,0.20249584594200437,0.17224691289106547,0.6804077995499745,0.3867030554631356,0.2668973719918748,0.21253659612000134,0.17936057094813787,0.7256452706985485,0.40973395009762714,0.27979629145783586,0.22018044458879069,0.18335736495542654,0.7949908311314701,0.4452159232962543,0.2997032869732627,0.23177931089001874,0.18889550804250207,0.8684732126273554,0.48149807034150743,0.3179039143798676,0.2392147705844859,0.18696311211886285,163.82091646486097
barrier,120,0.75,0.02,1.0676052924320538,0.5336257787597243,0.30442508070949514,0.21136642513027198,0.16939159188734212,0.14392855606553284,0.5823720365837829,0.3304962141541014,0.2275719890386516,0.18077009842011738,0.15214717031357464,0.6389948079537173,0.3597856076955133,0.24453775803198774,0.19141291128849283,0.15843135245931167,0.7221532032761735,0.4026589306337893,0.26893333739876596,0.20590899217242434,0.16558992979175247,0.8288174464730425,0.4578131309280574,0.30001387981509703,0.2231538064792089,0.17078940613785915,167.6414979777005
barrier,120,1.0,0.02,2.179525678700482,0.6891647072079561,0.3935457826745647,0.2736605683151478,0.21966110317544466,0.18694710304004383,0.7127429343619934,0.4052545019732784,0.2798905781941912,0.2230437671411142,0.18837221058995654,0.7275860620927037,0.4108526300898478,0.28058583415577387,0.2208244352741778,0.18391507876265628,0.7571813679434105,0.423144236442413,0.28377298611666546,0.21841944152536422,0.1769058820307418,0.8037617203402229,0.44277134833135084,0.2885186743855638,0.212610963652142,0.15964056416619943,164.08634342372966
barrier,120,1.0,0.02,1.8228817349095077,0.6474672491905086,0.3696419921159895,0.2569395827864185,0.20615714907250807,0.17538149959449573,0.6717958924423417,0.381763191159118,0.26343855131134974,0.20974038833675424,0.17696317987283533,0.7005614091886744,0.39527529039683557,0.26959116517040116,0.2118559168648357,0.1761470980049167,0.7285421195073432,0.4063985118030562,0.27164665941803845,0.2082018955215554,0.16767171107880283,0.753029498007807,0.4120798203774755,0.2646243613949185,0.18983969027314382,0.1325994437148423,161.81122771602276
barrier,115,1.0,0.02,1.308356071917678,0.462649904775245,0.263803137755797,0.18302130252744242,0.14655876610050572,0.12442533729645344,0.5143906739539359,0.29156296721465363,0.2003781704073983,0.15884229829847243,0.1333969946426788,0.6079453676574919,0.3418861815800015,0.23189919974777692,0.18109595186709265,0.1494847311052137,0.7301152365001206,0.40731907153384783,0.27231426852329094,0.20876566194469506,0.16818299385728555,0.8414908646232759,0.46539775398873073,0.3057679412326278,0.22836035706285723,0.1761203215229829,151.55256456597672
barrier,120,0.75,0.02,1.97432529964364,0.6545947065329337,0.37372752918749536,0.2597967357028958,0.20846411318275085,0.177356889980457,0.6928127090157586,0.39381933834740995,0.27188086586197835,0.2165657788898524,0.18281590481676221,0.7217893731132624,0.4075113880385031,0.27822763461516925,0.21890094643701752,0.18224925233293895,0.7358703444975085,0.4106856291724746,0.2747550830176128,0.21082552478925057,0.17004874873577425,0.7279416234943958,0.3967544896904475,0.25239328718785004,0.17748552475186755,0.1135162519687865,158.72667240634905
barrier,120,0.5,0.02,1.694452411675082,0.6258654233162485,0.357261644830185,0.24828266340087085,0.19916874134475834,0.16939877917867097,0.6447409631529947,0.3662470627300437,0.25257740444120047,0.20096259982734116,0.16943958047976232,0.6676735750837437,0.3763176615253837,0.25620913134024553,0.20093772573217084,0.16668724958565564,0.7004088507218639,0.38992025257040763,0.2596740870442259,0.1980633696637087,0.1584366376687176,0.7419005202567365,0.4052954353168321,0.259239373376094,0.1844778741734762,0.1250286971956844,167.84406736528905
barrier,115,1.0,0.02,2.1910400156307697,0.570036329194993,0.3252761979720362,0.22592878100089236,0.18113274337359597,0.153967111630721,0.6130807187651076,0.3480956506233619,0.23987776168627184,0.19070441335144275,0.1606518928408409,0.6644716738802499,0.3744719378248938,0.25490615348504203,0.19987450064783727,0.16576583243905857,0.692682919164729,0.3853896020027763,0.25637401789266767,0.1952585762934328,0.15586665043169973,0.7059814896289753,0.3832372549224852,0.24137611474502263,0.16568367699451708,0.06379512665998693,150.6594694570331
barrier,110,0.75,0.02,2.1671913920643187,0.3977004510964891,0.22666076122759313,0.1571369032747475,0.12573557619052694,0.10666272363046664,0.47431655743073925,0.268632987657948,0.1843849257873936,0.14596516251752276,0.12240321300855826,0.5771041948331936,0.3241059137191112,0.21934259497894903,0.17084246386867777,0.14058811184394482,0.6655488457809917,0.3694564395937858,0.24473675785728807,0.18532555202269585,0.14670027115571513,0.743751862492886,0.40642551112709324,0.2601398405240154,0.18538181728857034,0.12636226904699788,142.625085510512
barrier,120,1.0,0.02,1.8595649525422,0.6445060279239251,0.3679447801852143,0.25575267690401476,0.20519884619306722,0.17456095625690884,0.6878545686632722,0.39097491844461796,0.26988882604073494,0.21495543348492466,0.18143455203868686,0.7204342218586045,0.406730268612894,0.27767632522286984,0.21845125549093106,0.18185978621644092,0.7607832672846438,0.4252485547242696,0.2852941863693561,0.21969804950272928,0.1780571682266601,0.8086357387883895,0.44570272200508587,0.2907683294849239,0.21469084998468535,0.1618845018347596,162.83306833053175
barrier,120,1.0,0.02,2.205894425878555,0.6802530902930051,0.3884362943274429,0.2700858057058052,0.21677353166014507,0.18447343657884044,0.7442872038206965,0.42335681998805635,0.2925749730872027,0.2333058392079782,0.19717721709557876,0.7927715713274399,0.4484245097964331,0.3071005400130659,0.24244709695311123,0.2026353130737529,0.8339763332163564,0.4679373192726244,0.3160516087106718,0.24543047119279457,0.20106983816052199,0.841923599264387,0.46565645445726794,0.3059637660289488,0.22853632541902782,0.17629934085140506,161.38701161404066
barrier,120,1.0,0.02,2.097636717075293,0.6693441404414081,0.3821822756693607,0.26571064492187607,0.21323979785416805,0.18144687234199097,0.715610132987958,0.40689976092093333,0.2810431661793993,0.2239760783023866,0.18917202191211266,0.7435354263690512,0.4200458188257087,0.2870740157598209,0.22611623933681987,0.1884975364370186,0.7616371972983113,0.42574738611004753,0.2856547097576864,0.22000098360038498,0.1783298080333641,0.7715906174348591,0.42335026724291724,0.27347936183043087,0.19844661841328792,0.1435184843705574,156.76839903094404
barrier,115,0.75,0.02,2.083892279244519,0.5369266281886902,0.3063148053177762,0.2126860299160823,0.17045525173829695,0.1448377204566805,0.6028585637916971,0.34223630495578217,0.2357802507104462,0.1873956322002744,0.1578185903287012,0.6532157958288097,0.3679834668372608,0.2503255099176942,0.19613649124136473,0.1625260647754383,0.6917868702706572,0.3848639762797529,0.2559909216714711,0.19493265112457583,0.1555675323015141,0.7123646368550481,0.3871772622880892,0.24461308005336407,0.16923582711948837,0.09327145481914706,146.09344526184898
barrier,80,0.75,0.02,21.65263710439907,0.32281706583582026,0.1838788860286844,0.12736689005891622,0.10182302726651858,0.08629707488134761,0.4515095246010681,0.25559140187793705,0.1752973922018563,0.13865556259011066,0.11616957676270151,0.5572276448664898,0.3126463348931331,0.21124840511250653,0.16423079367946603,0.13484823595840395,0.6610307612627715,0.3667999399016646,0.24279118630076882,0.18365776388903718,0.14514982218791278,0.7547607256555381,0.4131333931366405,0.26545664820266085,0.1906590675443041,0.13369432149737404,131.11950690016363
barrier,115,1.0,0.02,2.861583307437917,0.6128229920938374,0.34978789769665886,0.24305797178672275,0.19495181189646837,0.1657896818267712,0.6924707956972012,0.39362318294992965,0.27174348728822323,0.21645468582489438,0.18272063475122188,0.7559514515817701,0.4272022892961828,0.2921245338414027,0.23023514065266906,0.19206385292810127,0.831699628015219,0.4666113147036416,0.31509876814670085,0.2446362444715117,0.20036334089347482,0.90110961211855,0.5008981329783937,0.3324059196041576,0.25200457084080724,0.19938707785063803,154.27520415920884
barrier,115,0.5,0.02,1.1120799625778508,0.3848722793838091,0.2193285465632111,0.1520313112881397,0.12163156594298681,0.10316492075893743,0.5112668181464621,0.28977493346695254,0.19913037261498662,0.15783707933690605,0.13253828464414094,0.653920561016606,0.3683897329180076,0.2506123269625732,0.19637055707769333,0.16272894663029108,0.7835110582963571,0.43851857245460013,0.29487509208932894,0.22773682849655338,0.18527643229118348,0.9106935328616925,0.5065816038235894,0.3366330535875796,0.25570183278278846,0.20292422047657496,144.37391870377039
barrier,95,0.5,0.02,9.888726921514946,0.39953589560700337,0.22770994608012135,0.1578675957035515,0.12632301675823754,0.10716348220003001,0.4993850951897187,0.2829749678659249,0.1943858771344111,0.15401581540382167,0.12927469171402808,0.5879092408329573,0.33033524866599334,0.2237420828958279,0.1744353570535958,0.14370624333517543,0.6752905509843259,0.3751807738133471,0.24892377338983104,0.18890748003338212,0.15001843587293454,0.7596664941485115,0.41611572037234895,0.26780771567218437,0.19296135513226806,0.13670031862791135,136.22820071733918
barrier,120,0.75,0.02,1.4947567358098113,0.5812697425983605,0.3317106694909903,0.2304245290880205,0.18475870049526374,0.15706842976250057,0.6766051847513578,0.38452179137769543,0.265370027401906,0.21130178495143603,0.1783018494441549,0.7754284822584295,0.4384284701526816,0.3000467748027734,0.23669549401649934,0.19765673760416375,0.8545263515560049,0.479901525160462,0.32464259557695674,0.2525843217638304,0.207424739037485,0.9413800798767841,0.5247432462267467,0.3500851582841307,0.26739157107132355,0.21398125739952406,163.67903677541213
barrier,105,0.75,0.02,6.347216502577318,0.5285784688448165,0.30153521489131885,0.20934885070344747,0.1677654799363877,0.14253878607711445,0.6731326761954692,0.382529954431213,0.2639753981624757,0.2101743608930055,0.1773352371475856,0.7817187122739688,0.4420539903294783,0.30260518432033995,0.23878166389571331,0.19946259816978149,0.864607592435984,0.48576794448590116,0.3288511269442812,0.25608447553801744,0.21052881018138545,0.9359206750497188,0.5215159189010246,0.3477005008105388,0.26532710088101463,0.21204075967727756,144.39877992501647
barrier,120,0.75,0.02,1.1025013404571806,0.5268001772626824,0.3005171008004515,0.20863807528089556,0.16719266256737306,0.14204932514635996,0.6021188838319049,0.34181237114900853,0.2354837806562107,0.18715628791272446,0.15761366171342855,0.6928599073847602,0.39083596086904293,0.26645763526581584,0.20929955344367218,0.17393251906619486,0.7950776895553068,0.44526658443057554,0.2997397917392509,0.2318098547411193,0.1889228263062515,0.9040501599924593,0.5026425509462321,0.3337043008781861,0.25314152945606255,0.20047710252316897,160.4200325039214
barrier,115,1.0,0.02,1.5801014207922308,0.45823954350304863,0.2612799278315843,0.1812621093946002,0.14514253075201336,0.12321649186335733,0.5583529831338256,0.3167356465322497,0.2179557892010777,0.17301178724999866,0.14550927923842855,0.6545987272191252,0.36878066548179705,0.25088831793467875,0.1965957866407982,0.16292416754488534,0.7325548462113087,0.40874651712554033,0.2733492373121524,0.20963934367595197,0.16897440715432632,0.8027399431477482,0.4421567787461868,0.2880464027571016,0.21217321246889975,0.15916503511009272,139.03356120860929
barrier,120,0.75,0.02,1.8575547900254865,0.637680622031086,0.36403288342768464,0.25301691037230045,0.20299039774882086,0.17267035543083345,0.6916757341551171,0.393167059188085,0.2714240409624435,0.21619636296628703,0.1824991071790156,0.7351247174491422,0.4151979189491995,0.2836526061051926,0.22332577688212077,0.18608121070321765,0.7761503173509327,0.4342225070188172,0.29177551873466034,0.22513873321566247,0.1829466213324064,0.79367719010622,0.4366977099428975,0.2838418310439853,0.2082571775607318,0.15485690360840984,157.08709376804705
barrier,120,1.0,0.02,1.7281313152972315,0.6162578666999694,0.35175588620339965,0.24443355659175905,0.19606218685598917,0.166739945671675,0.68204199548104,0.3876404911347218,0.2675538011723289,0.21306735579612535,0.17981563278245552,0.7446134095917203,0.42066716103707197,0.28751252187162263,0.22647387011841763,0.188807203691804,0.793547031160859,0.44437378408586653,0.29909643125925134,0.23127150570981178,0.18844127295039703,0.8483620137943639,0.4695035589045614,0.30887251594230575,0.2311521280874805,0.1789414036504605,150.02330922024225
barrier,115,1.0,0.02,2.3043451362477354,0.5530655512688717,0.3155565797198293,0.21913965228796692,0.17565803476726805,0.14928548204722802,0.6372463345499759,0.3619496522587455,0.24957010104224586,0.19853288096213714,0.1673576749416759,0.6990111243704199,0.3943816725094763,0.26896040647700964,0.21134134892239823,0.17570134297072046,0.7339938541268685,0.4095884024053697,0.27395950807591585,0.21015434053887672,0.16944096253800867,0.7282855466505058,0.3969653721708032,0.25256331305999136,0.17766190345158425,0.11384184251367817,145.14188507111837
barrier,110,1.0,0.02,3.9590045041191653,0.6113657773950101,0.34895289691330894,0.2424742074025526,0.19448078239464495,0.16538659541921624,0.6598565580327218,0.37491538850947626,0.25864457632476434,0.20586548709899305,0.17364149074072135,0.692430175379473,0.390588251863942,0.2662827855166979,0.209156905295331,0.17380893718394247,0.7184475603951953,0.4004892521058531,0.2673581066068824,0.20457660661815819,0.16437859715271644,0.7307649098744534,0.39848494759328207,0.253786950968439,0.17892689476629411,0.11611036334628637,153.3495517418043
barrier,120,1.0,0.02,2.4129969885218694,0.7081667205875903,0.404441211762743,0.28128508104742744,0.22582099236329992,0.1922246379518168,0.7625108199445649,0.4338171039930467,0.2999066528140747,0.23923934998272703,0.2022701722610278,0.8073000826587994,0.4567981861920388,0.313009218822687,0.24726463946758162,0.20680487721892676,0.8627921014212274,0.48471161761470444,0.32809350518051306,0.25545457681223366,0.2099704434902843,0.9221273111457227,0.5133548148232825,0.34165940191843536,0.2600825586019798,0.20708882145573895,166.332520978007
barrier,110,1.0,0.02,4.6123751947064,0.6604441682979725,0.37708041502695405,0.2621419130467887,0.2103580255113617,0.17897854690842707,0.7219637364080174,0.41054572642405857,0.28359751676984774,0.22604237656532078,0.19094478233934528,0.7598899887355196,0.42947240295389316,0.2937265750077261,0.23154161126715556,0.19319496921160004,0.7670882612213279,0.42893147622197614,0.28795526555402723,0.22193321376155584,0.1800676798947888,0.7167718239620693,0.3898920960880092,0.24683045039880475,0.17162568779584036,0.10069247182906474,151.16497194160584
barrier,120,1.0,0.02,1.65629580128176,0.6055327422937196,0.3456108501610879,0.2401381854789297,0.19259563522320858,0.16377363059604236,0.6747824699145257,0.3834762704868285,0.2646379733882251,0.2107099816852939,0.1777944519105676,0.7204540605333385,0.40674170378350344,0.2776843961162015,0.2184578387686533,0.1818654878674518,0.7607156872296853,0.425209076285222,0.2852656525954857,0.21967407211349,0.17803558656175958,0.7898663344551365,0.43439925694961407,0.28206593081798137,0.20659293266513068,0.15299328194977896,147.85564952913157
barrier,105,0.75,0.02,3.6465505948235606,0.3788717551385186,0.21589921553781716,0.14964390443085804,0.11971287573676116,0.10152987871664572,0.43658256207596974,0.24705909860025965,0.16935595390934263,0.13388014199833137,0.1120997213399505,0.5465470134402935,0.30648836002990204,0.206898396693567,0.16067675793182862,0.13176166360673025,0.6381338196599763,0.3533200536707363,0.2328919670966721,0.1751347507442026,0.1371648704578505,0.724543616282988,0.39466966997794173,0.25070952183424566,0.1757305534922728,0.11013184790747528,135.14409652656457
barrier,110,1.0,0.02,3.211260313575889,0.5329945063336243,0.3040635989948325,0.21111406995965198,0.1691881904193626,0.14375470498129575,0.5862944290217703,0.33274377721211823,0.2291431211892553,0.18203807449655868,0.15323251722272105,0.6604759584562768,0.3721686118864983,0.2532801085735051,0.19854761539725246,0.1646158656973633,0.7454876489474156,0.41630978889938125,0.27882855723924843,0.21425887300058633,0.17315327331074068,0.8217844102121292,0.4535977248321293,0.2968040403898285,0.2202302001257689,0.16775006685861976,153.8922675293488
barrier,90,1.0,0.02,14.344532008061124,0.45459697898815615,0.25919589947869975,0.17980891823103543,0.14397300718669473,0.12221831198226155,0.5635027707662456,0.31968560057461876,0.22001683823307566,0.17467427785892833,0.14693166178128,0.6731054203968964,0.379448810183386,0.2584195066878746,0.20274132202705447,0.16825004000445673,0.7781582554604742,0.43539457330409925,0.29262135358764335,0.2258479563075139,0.18358291899114373,0.8719239912623258,0.4835529275046089,0.3194457774855331,0.24058316051889833,0.18830839562152937,138.91081053250537
barrier,120,0.5,0.02,1.0058701001548047,0.5237157866240768,0.2987512598359762,0.2074053401373071,0.16619927589683545,0.1411999999029462,0.5666627005611918,0.32149580377812487,0.2212817001119301,0.17569464242873406,0.1478044704609778,0.6152349241507403,0.34608855356943996,0.234866627480182,0.18351857749682693,0.15158599729251582,0.6745971239392141,0.37477346189296384,0.24862608356070817,0.1886531263850584,0.14978331476151704,0.7594278249372639,0.4159706933568178,0.26769358193788007,0.1928499971555645,0.13655711865433756,155.79293646704238
barrier,105,0.5,0.02,4.416239220089241,0.4223414934032406,0.24074833818041663,0.16695069585804215,0.13362717291601706,0.11339168014468613,0.5118226014791255,0.2900930458417925,0.19935236315746946,0.15801590688580652,0.13269104258944706,0.5917728222084181,0.3325626547511904,0.2253151234051278,0.17571998206675835,0.14482086317145287,0.6597651806618561,0.36605562538311914,0.24224576906630954,0.18318981705309687,0.14471413516584977,0.7156636637457863,0.3892098717677499,0.2462745702286633,0.17102928682701485,0.0990382747812849,140.8992442629205
barrier,120,0.75,0.02,2.013679478741384,0.6614414739981237,0.3776520926754381,0.26254178287148194,0.21068099091377226,0.17925507519245396,0.7044918609725758,0.400520072792409,0.2765741315882145,0.2203613362252547,0.18607120822194798,0.7381082626159304,0.41691762773774027,0.2848663028139297,0.22431566959780302,0.18693840316184604,0.7871601609392952,0.4406478343978854,0.29641060343128844,0.22902304829495043,0.18642870226286198,0.8552892881283957,0.47363878559962946,0.31199219310568316,0.23394702529780306,0.18174187301904937,166.912378556714
barrier,110,1.0,0.02,3.595322174223243,0.5007205927090834,0.2855881765100493,0.1982181469558912,0.15879686206601673,0.1348754316420907,0.6195677999270449,0.35181426160953555,0.24247892630278367,0.1928049963575142,0.1624506798380875,0.7115738595673105,0.4016230593609233,0.27407162305544647,0.21551088391090387,0.17931307093835563,0.7897082726677928,0.442134464717585,0.29748240223676986,0.22992051072596717,0.18723227112125795,0.8444759429543486,0.467181975545067,0.3071179371671898,0.22957546042235713,0.17735146819290729,136.95434578474757
barrier,115,0.75,0.02,1.7595166559616648,0.5040668126829903,0.28750343691121677,0.19955452960489842,0.15987325068225894,0.13579522156569562,0.5660488653863746,0.32114415506176763,0.22103598171180672,0.17549641554253034,0.1476349026189984,0.6317770505580624,0.3556247803187571,0.24160003055782783,0.18901509980122425,0.15635243438508914,0.717648177865678,0.4000211414131907,0.26701815202914614,0.20428893914971805,0.1641168923033151,0.8145378267396151,0.4492488651498035,0.2934834123252771,0.21718975118149267,0.16454930612058255,155.2752613596886
barrier,120,0.5,0.02,2.121771156560576,0.6682933041944907,0.3815798681494582,0.26528924481586363,0.21289945822809492,0.18115542883142877,0.7186263590103358,0.4086305755713848,0.282255742407991,0.22495694867805377,0.1900135290502302,0.7549165898644258,0.4266058090395774,0.2917035887617851,0.2298918537401725,0.19176663562357296,0.7977468624493019,0.4468233199236117,0.30086140058917615,0.2327481700402211,0.1897618638406248,0.8531186906866635,0.4723434851823959,0.3110157400616956,0.23307336876767298,0.18086894370674955,164.5548998101231
barrier,120,1.0,0.02,1.069816646754475,0.5270575720401297,0.30066446422039406,0.20874095271708626,0.16727557013038685,0.14212016166435,0.5884493345121151,0.33397860469398616,0.2300063676600265,0.18273479977727397,0.15382841377285408,0.6542935904647469,0.36860476779989876,0.2507641376139418,0.1964944462423339,0.1628363295490877,0.7296502544665575,0.4070469814262048,0.27211695605657227,0.20859905638468734,0.16803192142643686,0.7943906118222172,0.4371278098826379,0.28417380732264375,0.20856748060397373,0.15520218235228553,151.58603818722565
barrier,120,1.0,0.02,1.499089533995239,0.5957739080804626,0.34001964219141456,0.2362304704690617,0.18944268896834768,0.16107552816609222,0.6470605446465488,0.3675771797195185,0.25350828863812824,0.20171476421983828,0.170084131554553,0.7052452958336106,0.3979751745594605,0.27149685171728066,0.21341052782826753,0.17749376531664912,0.7615764568512633,0.42571190469479836,0.28562906705535884,0.21997943820433322,0.17831041884808735,0.8209178109725569,0.4530779441861667,0.2964076623513668,0.21986814124203058,0.1673711412585935,162.9608302825479
barrier,120,1.0,0.02,2.528551949593822,0.719533269803189,0.41095956958579366,0.2858469652123257,0.22950732291411052,0.19538378687314245,0.7708854839286617,0.43862459997557746,0.3032767840764488,0.241967201148427,0.2046119962665116,0.8050153903593665,0.45548138458069437,0.312080065144035,0.24650709068752288,0.2061492501829359,0.8113288717735195,0.4547421228229111,0.3065631872977329,0.2375139831690061,0.1940180511645049,0.7787448138463487,0.42768087536193067,0.2768550936266658,0.20167002851277505,0.14734591060242938,159.03542606382604
barrier,120,0.75,0.02,1.2153146727630937,0.5537922917968835,0.31597276690234366,0.21943040270013076,0.17589248861802423,0.14948588172219834,0.5924946099337527,0.3362967655974284,0.23162705765789224,0.18404294325588158,0.15494823239139854,0.6313685765899328,0.35538930561413506,0.24143377189559476,0.1888793924508295,0.15623476819064658,0.6975577366649239,0.38824858953567415,0.25845686665899587,0.19702942309470353,0.15749009112234105,0.7925787727697815,0.4360353958455292,0.2833304021664796,0.2077786316208723,0.15432311555903053,157.57719606886693
barrier,115,0.75,0.02,2.2008459703403003,0.5379626710867562,0.3069080712965384,0.21310024024196658,0.1707891343268428,0.14512312014123613,0.6218162765651254,0.3531032323116302,0.24338062842328936,0.19353323511623036,0.16307466236637216,0.6756970024421095,0.3809427014574083,0.2594740732774806,0.20360178806688614,0.16899582362889187,0.7048271240385758,0.39251011528899504,0.2615589023955057,0.19966322300047334,0.1598993240356202,0.7194475830206996,0.3915383022871242,0.2481704106895539,0.1730541387875715,0.10429870827309295,144.8664171261127
barrier,110,0.75,0.02,3.2602139251954174,0.519362494193325,0.2962590609033805,0.20566564586579694,0.16479711055240076,0.14000203515106588,0.5892276625382129,0.33442461920901645,0.23031817817260697,0.18298646958846865,0.15404384726170284,0.6508637465265413,0.36662761116109094,0.24936829185066528,0.19535531389354566,0.16184894698053728,0.6986485348158711,0.3888881851847024,0.25892264803833115,0.19742514843454015,0.1578524795622312,0.7356565703217409,0.40147951282713573,0.25619065061879503,0.1813906374910458,0.12024634259308313,144.65786623633858
barrier,105,0.75,0.02,5.07464101524165,0.4740244638032113,0.270310859648012,0.18755994113330976,0.15021275088115255,0.12754473305674743,0.5645116745543661,0.32026355477523955,0.22042066796713014,0.17500003945940917,0.147210305249186,0.6749632397959,0.38051973190374394,0.25917549208664376,0.20335816463103445,0.16878471873176573,0.7740027756510258,0.4329688322617694,0.29087062162155686,0.2243797874894795,0.18226544954190055,0.8559884311405576,0.47405591479493414,0.3123065061428534,0.2342280292227187,0.18202220259369198,142.7284980923509
barrier,120,0.75,0.02,1.4573058536883647,0.5811773466326866,0.33165774301634904,0.2303875560392318,0.1847288711096427,0.1570429135753945,0.6434768943670316,0.3655222223067229,0.2520701389016423,0.2005527369511535,0.16908836891007856,0.6980057184416157,0.3938021337809524,0.2685513380631131,0.21100763121609198,0.1754122490383451,0.7625760849795553,0.42629582199001353,0.28605104947700205,0.22033397125607246,0.1786294399195396,0.8305536907691422,0.4588530359545934,0.3008044115869349,0.2238716433556228,0.171530357214531,161.0878612512993
barrier,110,1.0,0.02,2.0119687730642637,0.4562325766488061,0.2601319741299772,0.1804613744949756,0.14449815595009688,0.12266651346419702,0.46530548075224726,0.2634795685901084,0.18079316311280477,0.14307546523250858,0.11993821248260422,0.5236076382043211,0.2932620556703381,0.19755406338421302,0.1530402405329869,0.12512648017448566,0.6231006540097362,0.34445256134457064,0.22635266999708403,0.16946551764855036,0.13178536250025355,0.7189265539439945,0.3912178696405262,0.24790987117330907,0.17277690374121085,0.10363292450814351,150.11574806736616
barrier,115,1.0,0.02,2.3925554671464413,0.5437096557420626,0.3101989260851625,0.21539809229330875,0.1726414859475383,0.1467065714007531,0.6517606065455269,0.37027243730880927,0.2553946769868298,0.20323908058134812,0.17139044534019468,0.7231120850692913,0.4082738080670372,0.2787657435938571,0.2193398664278113,0.18262938489207728,0.7707066894996085,0.4310444258336091,0.2894812493316734,0.22321409978686538,0.1812186752811829,0.7858693338949849,0.4319865757580764,0.28019814530085135,0.20483533757620626,0.15100138447171532,144.28421635616945
barrier,115,0.75,0.02,1.9749436055577918,0.5377583098763653,0.3067910490035332,0.2130185356566661,0.17072327408295415,0.14506682313869423,0.5839231626381498,0.33138500831844847,0.22819327443766724,0.181271491516186,0.15257634100935671,0.6299455612874558,0.3545689728761603,0.24085456721250947,0.18840661696620556,0.155824838254463,0.6698841459291478,0.372004489393065,0.24660139550170557,0.18692191700653954,0.1481809993087239,0.716811643331628,0.38991660540891276,0.246850426821368,0.17164706370723187,0.10074989154028277,149.22681142470037
barrier,105,0.5,0.02,5.2432030500403615,0.5517031523976684,0.3147763739173026,0.21859475280807755,0.17521868578779887,0.14890980473932278,0.6120807582101199,0.34752246666684455,0.23947734620807276,0.19038067734455139,0.1603746533800965,0.6505842018795817,0.36646646535036237,0.24925452412782248,0.19526246799204733,0.16176846744300302,0.6849873540062483,0.380874210480963,0.25308130689917463,0.19245500394234324,0.15329024709937408,0.7209342221315417,0.392452576604507,0.24891305587299975,0.17384078584816104,0.10611834136918549,145.166243530665
barrier,115,1.0,0.02,2.9810865465492817,0.6531031426031576,0.3728726287851468,0.2591987812723008,0.20798128867216617,0.17694344762065026,0.7000894771436749,0.3979941608172499,0.27480488538334086,0.21893043862755507,0.1848439048856823,0.7295194865798451,0.4119670613951566,0.28137237305534746,0.22146596834193089,0.18447065370467675,0.7378379830899833,0.4118365494858619,0.27558902748015685,0.2115288543431511,0.17068532682096635,0.7104517577460427,0.385997524464418,0.2436462195637435,0.16818300066501615,0.08898629560673338,157.59127660259523
barrier,115,0.75,0.02,1.2850565782855774,0.5089542791656149,0.29030098216240874,0.20150717919610273,0.16144625885702255,0.13713888226982987,0.4861188839592014,0.275384388502863,0.18909195922571498,0.14975341340568218,0.12563570234709673,0.5199653610095706,0.29116193954464104,0.19607017232837512,0.15182727713470753,0.1240721411903251,0.6092064295351467,0.3362432383583926,0.22027654347401873,0.16416533976452247,0.1266943793111899,0.7119792864227805,0.3869396705330235,0.24441851941449969,0.16902453100403272,0.09248266749722131,158.10726772384547
barrier,115,1.0,0.02,2.095357873754934,0.5299001400297167,0.3022919154338285,0.2098771392272379,0.16819124819398237,0.14290264415005433,0.612523238001364,0.347776098096824,0.239654748718128,0.19052392759363704,0.16049732864767444,0.6870464830061893,0.3874849367429504,0.2640922312577919,0.20736974227944363,0.17226059292891518,0.7354439233085216,0.41043668779078696,0.2745743159376269,0.2106730397304287,0.16991069308645126,0.744854871939244,0.40709851078120557,0.2606752091912432,0.1859179998010822,0.1271410416723759,147.5562762427523
barrier,115,0.75,0.02,2.4163441174828044,0.5774891614978043,0.32954512405087494,0.2289112380171622,0.18353828247594564,0.15602449285103656,0.6418481149912595,0.3645882649512427,0.2514165426207173,0.2000246547862288,0.16863586733704586,0.7058955878794184,0.3983500144772776,0.27176142615636645,0.21362635709234815,0.17768071997111046,0.7635368611448149,0.42685701740718973,0.28645657283290293,0.22067462985156605,0.1789359140444,0.823406126390315,0.4545702095182456,0.29754528685790066,0.22090665092565076,0.1684564921356444,149.86095864467273
barrier,120,0.75,0.02,2.274803143207621,0.6938554960933916,0.3962352532480013,0.2755424985151356,0.22118161578127546,0.18824948529387642,0.7254434613622853,0.4125421173138601,0.2849966237408029,0.2271742337873225,0.19191591867213423,0.7487324680689494,0.4230413519263602,0.28918806976466266,0.22784037034249666,0.18999040857939728,0.7773578383847873,0.4349273696530817,0.29228420894340057,0.2255652857343839,0.18332934220000133,0.8086773589646569,0.44572774202348264,0.2907875099940524,0.2147085458812653,0.16190348849921357,166.40466383478716
barrier,110,0.5,0.02,2.9312333869091827,0.5300672464203158,0.30238759013340544,0.2099439350918821,0.16824508257762472,0.14294865251446948,0.557872647791785,0.3164605061493456,0.21776356950047834,0.17285674838698067,0.14537669175294884,0.6159935368474413,0.3465258849939807,0.23517543423073944,0.18377067852773982,0.15180464173620353,0.6869749769439593,0.3820407034411366,0.25393231335313887,0.1931800853241785,0.15395733064834222,0.7425688643177627,0.40570346856649836,0.25956496662886425,0.18480478822727084,0.1255140828899241,148.0455863562066
barrier,115,1.0,0.02,1.0814673916838395,0.3845954138668181,0.21917031136638823,0.15192114468894355,0.12154302326688625,0.10308946883842034,0.5022736860960443,0.2846279890698871,0.19553909382504844,0.1549444959264461,0.13006773497332755,0.6424779526754656,0.3617935236650295,0.24595539818337508,0.192569950592703,0.1594344304772623,0.7620973904587142,0.42601620359448833,0.2858489813739945,0.22016420771179937,0.178476689098963,0.8713345789823388,0.48320201030710735,0.3191825691663528,0.24034972356081338,0.1880792025249512,150.51350673710124
barrier,120,1.0,0.02,1.763893326164225,0.6243884371726677,0.3564152287186701,0.2476909012634426,0.1986911455762685,0.1689899492494148,0.6880462749313836,0.3910848953517736,0.26996584379224464,0.21501771143600268,0.18148795500527518,0.7587443318043754,0.4288120644403699,0.29326056970783565,0.23116158503998052,0.19286595396712558,0.8258575780079497,0.46320830820934417,0.3126527843821201,0.2425966759097326,0.19854813810503966,0.8897997477781526,0.4941835675393831,0.3273999820120067,0.24760886550624783,0.195152534811742,158.20374064089773
barrier,105,0.5,0.02,4.68476227303374,0.39819813377354846,0.22694524624067622,0.15733502663719565,0.12589485526278682,0.10679849750434316,0.530903480052653,0.30101614876811444,0.20697684854411805,0.16415975321436166,0.1379406420633611,0.630125797061565,0.35467287439008144,0.2409279282149167,0.18846649819762118,0.15587676005343434,0.7084184544310067,0.3946146733650658,0.26308966479140183,0.20096149730644328,0.16108465403457173,0.7660596239723485,0.41999719380451034,0.2708558762959737,0.19592079031670023,0.1404323848811407,143.67736445228888
barrier,80,1.0,0.02,21.249980424998306,0.4545152498174207,0.2591491488664056,0.17977631717594486,0.14394676780592286,0.12219591771319856,0.5430752312354825,0.3079858135772319,0.21184369771703399,0.16808279765973572,0.14129445322437975,0.6204665525331479,0.34910451600965764,0.23699622151612298,0.1852570775168748,0.15309372092611975,0.6866321361651895,0.38183951019538165,0.2537855533005391,0.19305506659677646,0.15384235023056472,0.7386033972464898,0.40328132225232927,0.2576322171053218,0.18285517147189737,0.1225629711710943,139.2737215037663
barrier,115,0.75,0.02,2.622456652851214,0.5928209683041163,0.33832790122574385,0.2350482137206335,0.18848884679276856,0.16025943014674085,0.6629718533845294,0.3767020851857714,0.2598953116568688,0.20687636491749722,0.17450798150708777,0.721039846727124,0.4070793555109127,0.2779227089759329,0.2186522257709599,0.18203384222120284,0.7663157545938282,0.42848033030384397,0.2876293783228886,0.22165958918029474,0.17982169556283223,0.7982703858153907,0.439465714341563,0.2859757890649244,0.21024922257322598,0.15706101033431005,152.1233426707477
barrier,100,0.5,0.02,6.738984509390721,0.370795092950732,0.2112841993096782,0.14643127658553523,0.11713129839125563,0.09933071780418476,0.48064430994683366,0.27225252800845323,0.1869082340032347,0.14799575881393756,0.12413602258757937,0.5839753605978723,0.3280672986141132,0.22214037075662463,0.1731273525610146,0.14257116300946712,0.6834145440437492,0.379951036327097,0.25240762159078417,0.19188075493847084,0.15276154598769054,0.7932818059392389,0.4364593178434094,0.2836577746258931,0.20808504947068318,0.15466506718581996,136.87661686721862
barrier,100,0.75,0.02,5.943140241635719,0.3487649297740655,0.1986978931056111,0.1376731613147984,0.11009662889400276,0.0933392503335182,0.42209364414052397,0.2387802199532846,0.16359406890947212,0.12925144017385964,0.1081573937621656,0.5166285764878278,0.2892379523777123,0.19471068713393375,0.15071593497888922,0.12310602425911736,0.6303945868536184,0.3487567963492165,0.22952973995963868,0.17222415657091047,0.13441068697515557,0.7455554524250563,0.4075258586579535,0.26101493471097686,0.1862576555539065,0.1276299004844618,133.76509587906017
barrier,115,0.5,0.02,1.035409027022757,0.3422195556873873,0.19495923372331453,0.1350724368235506,0.1080083343163636,0.09156137651275256,0.4997712062242301,0.2831959182493483,0.19454001639181717,0.15413993802398002,0.12938068178823495,0.6270417744799371,0.3528950069251604,0.23967263273898853,0.18744184356635157,0.15498828201416798,0.7324066693585323,0.4086598228833267,0.2732863881011722,0.2095862991670649,0.16892634195361006,0.8330528142497571,0.46034935647167824,0.3019410206419424,0.2249022656730722,0.1725909463544094,151.60277351970365
barrier,115,0.5,0.02,1.0410176058342422,0.3963424890434759,0.2258845334424701,0.15659632740482468,0.12530099493924166,0.1062922828290226,0.4827368598687751,0.27344958296402333,0.18774285122754789,0.148667496177136,0.12470933229901802,0.5982502481525837,0.33629694332548293,0.2279522732944265,0.1778733614711384,0.1466891795786465,0.7023018125969357,0.391029948212049,0.2604818322243235,0.19874914516676262,0.15906391806122397,0.7900685142222711,0.4345212432838312,0.28216026583071485,0.2066815052389019,0.15309299371217663,155.00257958974836
barrier,100,1.0,0.02,6.951542455989195,0.34506575394406436,0.19658488053081585,0.136203237858941,0.1089162893867347,0.09233436061686257,0.4661787063627766,0.263978956774035,0.1811411749830826,0.1433554154716687,0.1201769824252642,0.608817562280915,0.3423889975388851,0.23225426029615867,0.1813858352837613,0.14973617619232044,0.758588475569792,0.42396634870083266,0.2843673512080908,0.21891909843227877,0.17735588918368356,0.9020759079062184,0.5014714280561655,0.3328327216723472,0.25237844314865154,0.1997457493061346,137.62661558127988
barrier,110,0.75,0.02,3.3295030373580623,0.4953169517014118,0.28249547218684634,0.19606011141512547,0.15705824944302738,0.1333905551435222,0.5930257472427068,0.33660114487061243,0.23183986755159583,0.18421472153495982,0.15509528590470534,0.6622511786219256,0.37319193720326743,0.25400253390939853,0.1991371342997076,0.16512678950296483,0.7010111684690817,0.3902733602498002,0.2599311373440884,0.19828163528411694,0.15863633077596073,0.7107160767519292,0.3861605887913393,0.243779978132502,0.16832906899297423,0.08964140263570816,140.1853175765315
barrier,115,0.75,0.02,2.888720361504037,0.6302612238280266,0.3597807898239473,0.2500439589162996,0.2005903641001796,0.1706157136059906,0.6878753800428694,0.39098685738297806,0.26989718696912585,0.2149621942764818,0.1814403493670023,0.7246140705408711,0.4091395611900868,0.27937678114235676,0.21983826778408658,0.18306102601665736,0.7468616452714157,0.41711304594711446,0.2794099925871137,0.21474851181397564,0.17359542426895141,0.751170504353565,0.4109479515984062,0.2637290983636982,0.18895567460434484,0.13140190703940258,159.21093687736652
barrier,115,1.0,0.02,2.2556294253402194,0.5224799856638371,0.2980437692156428,0.20691145855709558,0.16580082298571802,0.14085994946116276,0.6337278781622745,0.3599322984000981,0.24815849885226748,0.19739250733781794,0.16638064657235493,0.688773070744075,0.3884801938111702,0.2647947639181259,0.20794291087547423,0.17275717959100534,0.7264848222018447,0.4051944871309311,0.2707732865993621,0.2074641352412386,0.16700229456817992,0.7484900147224472,0.40931499532733695,0.2624353296811085,0.1876727301964236,0.12963204147739027,141.27042501213037
barrier,110,0.75,0.02,2.2375373794831304,0.4693056863719687,0.2676108835971577,0.18567687425169038,0.14869663194709476,0.1262503418921528,0.4853875538136794,0.2749659950128317,0.18880020865759295,0.14951856914690104,0.12543524680835214,0.5760070052340116,0.3234733540545669,0.2188958305770361,0.17047757388190632,0.140271403745129,0.6621008114062329,0.3674291932650192,0.24325218768413187,0.18405314624512312,0.14551771762122523,0.7297824604902188,0.3978829589359843,0.2533025189241303,0.1784269985381311,0.11522726565251312,153.2621324061132
barrier,105,1.0,0.02,5.42839172514177,0.5577976574195475,0.31826659880876557,0.22103228658471036,0.17718407207174638,0.15059047048039828,0.6263626888011766,0.3557096329972582,0.24520404858859704,0.19500597750392,0.16433617298090694,0.6850773110945626,0.3863498442653815,0.263290985636404,0.2067160288945806,0.17169421077671665,0.7449231031730286,0.4159797304621637,0.2785896205671565,0.21405762919198337,0.1729715053793635,0.7906059999573569,0.4348455134024619,0.28241098514662544,0.20691681909814597,0.15335760618522037,145.89733967460194
barrier,120,1.0,0.02,1.0798572997140454,0.5211991873044187,0.2973105277100839,0.2063996121635334,0.16538842283738767,0.14050746174267933,0.5962052580137649,0.3384232399834011,0.23311385198379966,0.18524311057006354,0.15597568069891327,0.6561492020172348,0.36967444366592517,0.2515193051932778,0.19711071523689952,0.163370482234279,0.6975274418302354,0.38823082528210906,0.25844392888385714,0.19701842988547943,0.1574800219727815,0.710235126733178,0.38586386795884764,0.24353655512740696,0.1680631421715382,0.08843033666331708,148.07354657692892
barrier,110,0.75,0.02,3.0735573536386367,0.49808331149766244,0.2840787389427543,0.19716486279807194,0.15794817079405574,0.13415066281299898,0.5696374060570607,0.32319996877462687,0.22247255322970694,0.17665537114503163,0.14862634431392174,0.6372936587641675,0.3588049486132604,0.24384537889622163,0.19084779690388973,0.15794141561583003,0.7024748540730402,0.3911313816429506,0.2605556544391373,0.19881181173876408,0.1591212138990282,0.7604179989983384,0.41657231234229763,0.26816692958925537,0.19331156857188997,0.13714927746917108,152.60118774241718
barrier,115,0.75,0.02,2.2807510059103837,0.5362530850819389,0.3059291127496491,0.21241675323861756,0.17023820029281422,0.14465218869166177,0.6356681026261161,0.361044741993385,0.24893689816351633,0.1980213339361169,0.16691939299579817,0.7077657766760946,0.39942802302307856,0.27252231680555605,0.21424705608463882,0.17821837175192887,0.7628163535965811,0.4264361668902319,0.28615246712200815,0.22041917105779632,0.17870609577709573,0.7909692790615747,0.4350646625112745,0.28258038864986007,0.2070757396341356,0.15353607245651144,142.4481790391661
barrier,105,0.75,0.02,5.552341578517471,0.5254042497031923,0.29971791269199555,0.2080801533678566,0.166743052891518,0.14166473263778506,0.61663632181077,0.3501338037812679,0.24130341140773015,0.19185566886771438,0.1616378392125469,0.7094323783307396,0.40038867851019244,0.2732003717856163,0.21480017512582752,0.17869747644924638,0.8011289870821646,0.4487956233611573,0.3022820796344602,0.23393628475576303,0.19082375900213916,0.8884030936129154,0.49335379410675007,0.32678041815807074,0.24706354987834392,0.19462520203446804,143.83046387874776
barrier,105,1.0,0.02,6.31466852894599,0.596159311162449,0.34024044342437804,0.2363847790019671,0.18956718766501984,0.16118204913758405,0.6897275146780315,0.3920493874267481,0.27064129487141986,0.2155638994980055,0.18195631639193552,0.7688182912529176,0.43461850918522704,0.2973581617989742,0.2345030829143065,0.1957588142228504,0.8355780721607454,0.4688701456521353,0.3167218336813231,0.24598903090572163,0.20156658129620167,0.9050828284696832,0.503255030324284,0.33415997030540356,0.25354026393332196,0.20085888294442025,145.9354610756194
barrier,120,0.5,0.02,1.4143698618824532,0.575620597764069,0.32847484569586904,0.22816346932246592,0.1829351923417857,0.1555086130309148,0.6332795900009943,0.35967527221103746,0.24797865606551975,0.1972472253517008,0.16625617924469488,0.7069350958285181,0.39894920478225154,0.2721843532238111,0.21397136216065044,0.17797956598253253,0.7618007125038272,0.4258429026724417,0.28572373958638214,0.22005898262765106,0.1783820014384272,0.8166682727109569,0.450527972574621,0.2944611034966005,0.21808670322097157,0.16549805380898375,158.711718546926
barrier,115,1.0,0.02,1.9349494438035342,0.5483375087569694,0.31284901228417616,0.2172487255110899,0.1741334559005639,0.14798214753577085,0.5842010150805478,0.3315442194860422,0.22830456847466937,0.1813613104117504,0.1526532228418153,0.6353890837231105,0.3577070180116827,0.24307019518993392,0.19021508753825098,0.1573928607438951,0.701576769887423,0.3906049295637314,0.260172488068146,0.1984865445996635,0.15882376573763118,0.7810138529537022,0.4290529030620275,0.2779217657304397,0.20268281416193853,0.14852567221363927,159.2694347747671
barrier,120,1.0,0.02,1.4483766207112512,0.5793802051541922,0.3306283132218082,0.22966798422221427,0.18414870350685053,0.15654663995993526,0.6337197705340952,0.35992764987667397,0.24815524624001403,0.19738987977665207,0.16637839545435956,0.6683842465623058,0.37672732432010714,0.25649832796353816,0.20117370541155843,0.1668917501497106,0.7020509087874108,0.3908828712934629,0.2603747878943192,0.19865828031315316,0.15898082763373012,0.7252590280550664,0.39510879858915576,0.25106461290307625,0.1761019376598925,0.11087208013964389,153.61631309696827
barrier,110,1.0,0.02,2.4189416855507986,0.3901129325344784,0.22232381126201378,0.15411680416243484,0.12330780803817679,0.10459343082225803,0.5036557737214065,0.2854189311519837,0.19609091857385208,0.15538890865430613,0.13044726383823402,0.5844039613651232,0.328314395154448,0.2223148815988598,0.1732699207329904,0.14269484024159376,0.6565037055173284,0.36413709112305304,0.2408393006722598,0.18198228565066296,0.14358895658909077,0.707747372341555,0.384328199515179,0.2422746803373688,0.1666778854060236,0.08001474949407254,132.40855803397673
barrier,120,1.0,0.02,2.455014351384035,0.7122841234995332,0.40680237019901205,0.2829375234424373,0.2271561770309446,0.19336875591487226,0.7625821705399207,0.43385806173790825,0.2999353634743532,0.23926258782339038,0.2022901206329701,0.8040012901253798,0.45489689851442217,0.31166764180882967,0.24617083510456886,0.20585823157572425,0.8418341519067947,0.47251309600757474,0.3193385861734897,0.24816905897169741,0.20350444672770823,0.879368508588678,0.48798293529149406,0.32276494069636147,0.24352152757079357,0.1911831465742357,166.05437367044573
barrier,120,0.5,0.02,1.0436289292480752,0.5265569781405385,0.30037786503536795,0.20854087233570065,0.16711432861931538,0.14198239885237743,0.5753851414252207,0.32649295336176853,0.2247738839932344,0.1785121675379311,0.1502149751050654,0.6238705386381816,0.3510668543260552,0.2383818118547319,0.1863881586630218,0.1540745851491668,0.6922478893410666,0.3851344161548942,0.25618803512213034,0.19510035693849143,0.15572145723246156,0.7651506322520345,0.41944569803502235,0.27042353090935506,0.19550269622268485,0.13991322309784868,167.74603335884362
barrier,115,1.0,0.02,2.981752691445524,0.6275569545949201,0.3582310188886436,0.24896040549608145,0.1997157570740946,0.1698670318915689,0.7091222143874533,0.40317691049394955,0.2784351860164339,0.221866571749928,0.18736236909786816,0.7761019322449888,0.4388166297464734,0.3003206883611539,0.23691885083549974,0.19785008721417408,0.8235936269942316,0.4618893541651176,0.31170449194749467,0.24180565049036923,0.1978437669023054,0.847791474760732,0.4691627944754253,0.30861511654698864,0.2309210524502419,0.17870886229550667,157.1639633562161
barrier,85,0.75,0.02,17.16503483083596,0.4445962944512867,0.25347570496768845,0.17582109746772714,0.14076371365090473,0.11947938667636274,0.5381622430344071,0.30517242617618157,0.2098789611900495,0.16649874095390274,0.1399402648153824,0.6120324078426309,0.34424233420016603,0.2335629682706182,0.18245428533395328,0.15066291633007775,0.6783363106716053,0.37696955059559334,0.25023071358027604,0.1900236115751746,0.15104930580334142,0.7146638383453588,0.3885941128193438,0.24577184103505959,0.17048863531997022,0.09744219911378955,138.75545511905074
barrier,115,0.75,0.02,1.9484799179589787,0.550435536769049,0.3140504569078486,0.21808777955072092,0.17480993342579393,0.14856025819863602,0.5857444293875697,0.33242861596063633,0.2289228036484725,0.18186026161003707,0.1530803121003024,0.6278876370643189,0.35338262790731906,0.2400169283133995,0.18772288327413508,0.1552319759676778,0.6716748986017294,0.3730567216207763,0.24737098919706038,0.18758022062118726,0.1487907083246042,0.7098136845744433,0.3856038165657122,0.24332311041568222,0.1678300909115395,0.08729359929034497,154.52921783408388
barrier,115,0.75,0.02,1.609899286236142,0.4759497618610714,0.2714124853776095,0.1883283272444824,0.1508314403384176,0.12807297680731058,0.5492355455751338,0.3115138885547449,0.2143077885165724,0.17006971004065996,0.14299330970146862,0.6168915172744782,0.34704355961797334,0.2355409709738184,0.18406908975779193,0.1520634467754668,0.6767014446969697,0.3760094473476388,0.24952931329359343,0.18942472416162515,0.15049634187323352,0.7447947355817774,0.40706182415360426,0.2606460364615239,0.18588881197253154,0.1270988730511476,153.53936921983117
barrier,115,0.75,0.02,2.2533775733009067,0.5731979931590928,0.3270869996322773,0.22719385307891315,0.18215327122559383,0.15483972903863769,0.61867912176312,0.3513048241181804,0.24212255795075577,0.19251719284695898,0.1622043140118911,0.6753713320205521,0.3807549723090332,0.2593415522845471,0.20349365945721543,0.16890212812564231,0.7221238409928256,0.4026417408088358,0.2689208601048892,0.20589844204895502,0.16558034330962765,0.7566475804435063,0.4142811096389111,0.2663621911256114,0.19154794013934515,0.13486669631751366,157.77265357750355
barrier,110,1.0,0.02,2.952839287313692,0.4790464264316738,0.2731844012005226,0.18956430259559792,0.1518266675657296,0.12892275077493257,0.5606496907602455,0.31805124526207373,0.21887492918788534,0.17375316281813072,0.14614332652606737,0.6069538012681899,0.3413145475048029,0.23149554158067345,0.18076638840462855,0.14919886265621926,0.6642271019688197,0.36867940241543257,0.24416783840651013,0.1848380904967504,0.1462474805314692,0.7188206638418652,0.391152740223821,0.24785689870308847,0.17272059056840586,0.1034956575829757,141.7140375068414
barrier,110,1.0,0.02,2.694115889220142,0.49197499660100674,0.2805828422953888,0.19472560849512685,0.15598335419416415,0.13247247637408407,0.5341789807929055,0.30289159988366743,0.20828631383766358,0.165215309013891,0.13884279696519802,0.5987097309098411,0.33656183728076494,0.22813933722196625,0.1780261034756752,0.14682169269696382,0.6602607712184638,0.36634710264769477,0.24245937274943458,0.18337310207310134,0.14488482005450948,0.7127048056106654,0.38738696889790947,0.2447847399058626,0.16942204717496848,0.09394283289161508,148.5558945168023
barrier,115,1.0,0.02,1.933690800180513,0.5263114911004412,0.3002373197633,0.20844275560315204,0.1670352588924732,0.1419143466496084,0.5914563775668128,0.3357017909534375,0.23121108168873925,0.18370717665345987,0.15466079754680498,0.6623426467902488,0.3732446639447168,0.2540397566548076,0.19916750884936735,0.1651531141632194,0.7442693328407837,0.41559749478303015,0.2783128934756642,0.2138245343342726,0.1727609381672696,0.8279068998357193,0.4572676531726075,0.2995990045524611,0.2227767410582896,0.17039938778792058,153.94929390243257
barrier,105,1.0,0.02,5.6823289622980315,0.46999189897301197,0.2680035469868839,0.1859506956963211,0.14891708659000633,0.12643854827944487,0.620625191371669,0.35242042168415205,0.24290296245786974,0.19314745520368481,0.1627442667956924,0.7174380907399102,0.40500327177162443,0.2764574120041035,0.2174570011752873,0.1809986683976859,0.7701850650577216,0.430739850220535,0.2892613149041602,0.22302952821255803,0.18105287101273085,0.7701874518281198,0.4225000456833091,0.2728149638861983,0.19780872613071346,0.14274689060281964,133.92681560608267
barrier,110,0.75,0.02,4.470610753506537,0.6101333139193522,0.3482466896369557,0.24198056741124757,0.19408241281913652,0.16504570588237258,0.7033275807531865,0.3998520391325035,0.2761062090519514,0.2199828908535567,0.18574660083003094,0.76307663790992,0.43130913307338675,0.295022759263616,0.2325986342887526,0.1941100911741675,0.7946280526451405,0.4450043267552154,0.29955081461806204,0.23165173273655446,0.18878139861983903,0.800618576840944,0.44087982477665655,0.2870644043429213,0.21126171870929025,0.15817098145176894,148.37319678173117
barrier,110,1.0,0.02,3.6229488434159602,0.5754518457104636,0.32837818958064696,0.22809593973631517,0.18288073094509516,0.1554620264280955,0.625267336806503,0.35508166865298346,0.24476471592789104,0.19465112467880405,0.16403220547322808,0.6888339035311304,0.38851525961938405,0.2648195161049219,0.2079631050745716,0.17277467542792624,0.7402893752733484,0.41327024927073824,0.2766276131601902,0.21240445638390532,0.17147738237764446,0.7670348900379533,0.42058876093424474,0.27131936559091097,0.19636841061909435,0.1409854671174146,150.31272390367357
barrier,115,0.75,0.02,2.084252588870395,0.5377716494160648,0.30679868755989737,0.21302386885470048,0.17072757304602337,0.14507049786601586,0.6166954866873953,0.35016771920608664,0.24132713535431666,0.19187482739400147,0.16165424895627536,0.7202824074180664,0.4066427615480919,0.27761456310137284,0.2184008772489042,0.18181615454610348,0.8207621132513074,0.4602395914228978,0.31051814728689187,0.2408158126040884,0.19696207137590396,0.9176263578326148,0.5106894285964809,0.3396828548722557,0.2583618323399627,0.2054562218323763,155.09867751392048
barrier,120,0.5,0.02,1.3987135817451835,0.5717497431669522,0.32625754954787656,0.22661437272935836,0.18168554616793375,0.15444000421723086,0.6210176846190872,0.35264542428646695,0.2430603638473455,0.19327457711061394,0.16285311476471426,0.6651754060627016,0.3748776022224291,0.2551925314390455,0.20010818633817753,0.16596835358119869,0.7083012435898489,0.3945459945676832,0.2630397228787056,0.20091915571746263,0.16104601792612777,0.75146593216953,0.4111278528916113,0.26387148046089853,0.18909645307512807,0.13159379265414298,155.3299943065231
barrier,115,0.5,0.02,1.2345920292311048,0.4351506853674511,0.24807323144609703,0.17205532008816282,0.13773342828548196,0.11689423357998494,0.5037108848923963,0.28545047061849904,0.19611292345096115,0.15540663071360136,0.1304623988183385,0.5859264186281291,0.32919211934302456,0.2229347666363833,0.17377633514817747,0.14313414348151915,0.6696982744365321,0.37189526369290854,0.2465214948502144,0.18685355198683262,0.14811765090930823,0.7576744836283281,0.41490549917022146,0.26685434987710926,0.19202991531457997,0.13549617378380624,160.95635873809186
barrier,85,0.5,0.02,18.04941200439491,0.3736842347753898,0.21293519580068113,0.14758037384286316,0.11805464356587943,0.10011709045021108,0.4432544091801105,0.2508721338777029,0.1720109319239596,0.13601384209006237,0.11391778929808942,0.5891980043491274,0.33107823967599836,0.22426680274496205,0.17486392470563253,0.1440780630502016,0.7185557259778858,0.4005525909893535,0.2674041023515716,0.20461552457802515,0.1644139979097627,0.8379045434148416,0.4632531048997985,0.3041434183364852,0.22689455370238865,0.17462934571932665,137.71560882924967
barrier,120,1.0,0.02,2.1394431422088926,0.6714568149675143,0.3833934136196089,0.26655788383674744,0.21392406844907758,0.1820328699022159,0.7316204351807886,0.4160869988916465,0.2874804787376921,0.22918376221432582,0.19364021810960355,0.7895046910842521,0.44654158992753556,0.3057718722467517,0.24136374511441785,0.20169761590103075,0.8440794336779098,0.47382034988037536,0.3202773403907874,0.24895085331824818,0.20419913321077204,0.8999700363479888,0.5002219556939649,0.3319024041350858,0.2515633296890606,0.19896347898717273,152.47998828545622
barrier,115,1.0,0.02,1.5455475846945974,0.5074981764414731,0.28946750513656927,0.20092553616042147,0.16097759308367687,0.13673843228268953,0.5328307178115037,0.3021196139114402,0.2077472898266999,0.16478079424579467,0.1384714174238906,0.5987216248217594,0.3365686941737766,0.2281441794448203,0.1780300572515744,0.14682512282603707,0.7050086471767328,0.39261650204877263,0.2616363018111219,0.19972889065620808,0.15995931260375879,0.8305148598155905,0.4588297817141969,0.30078673937322153,0.22385560545291439,0.17151382473277985,159.3291712332302
barrier,95,0.75,0.02,9.294098048836942,0.35359785387881154,0.20145865572026214,0.1395938814209295,0.1116391117304699,0.09465251797436666,0.4070109127284269,0.23016495527061503,0.15760137822386847,0.12444043447036014,0.10406266595468454,0.5228963248070992,0.2928519178974528,0.19726427375861952,0.1528033667097501,0.12492059302816143,0.6260771910253359,0.3462094771583585,0.22765018572873721,0.17059316595814145,0.1328603620883656,0.7090256327133602,0.38511743798439124,0.24292363736512296,0.16739202836355427,0.08492518164378726,135.950610957634
barrier,80,0.75,0.02,21.462247187354976,0.38925507828806566,0.2218334944009341,0.15377539880084903,0.12303338535419216,0.10435955356307901,0.4924854528517958,0.279026940163144,0.19163241006624257,0.15179842165821888,0.12738143345026093,0.5876348781501504,0.3301770743482143,0.22363037548126627,0.17434410072713707,0.14362708475869435,0.6682729239456437,0.3710576122777235,0.24590864945184374,0.18632906776280111,0.14763146350726,0.7396997807207845,0.403951288125525,0.25816728372765296,0.18339663639021916,0.12339666398736601,134.64186132144005
barrier,120,0.75,0.02,1.157346428683939,0.5336489761040871,0.3044383652319335,0.21137569849754304,0.1693990663882285,0.143934944708633,0.6011420357831572,0.3412525153283919,0.23509226190116353,0.18684021571444548,0.1573430422659215,0.6535537718392427,0.36817829516645273,0.25046305556795007,0.19624873975849091,0.16262335896681707,0.6929370527377903,0.38553867144899895,0.25648265600417197,0.1953509896255264,0.15595144430094002,0.7242833471108813,0.3945098876871068,0.25058025889456126,0.17559518639006305,0.10985849374447193,149.07267833494498
barrier,120,1.0,0.02,2.7055145915923915,0.745569144530643,0.4258919804185415,0.29630025375278357,0.23795565327685472,0.20262475733906973,0.781875702887858,0.44493399814699863,0.30770025488171426,0.24554804713082953,0.20768645857614615,0.802627767952643,0.4541052554255007,0.31110904320017246,0.24571539793882996,0.20546406175851606,0.8050116096968031,0.45105946233757566,0.30391229400999026,0.23529909866490667,0.1920411056772852,0.7979457060390066,0.43927013623985717,0.2858256325056301,0.21010892949975202,0.15690664345722935,165.0345656202134
barrier,115,0.75,0.02,2.781995950664865,0.6176515052125062,0.352554537923385,0.24499187076489717,0.19651273796983593,0.16712554699489288,0.682811485445313,0.38808190435073336,0.2678629015068836,0.21331728403124905,0.18002992115894767,0.759694638653479,0.42935980631398424,0.29364711492100165,0.2314768119178233,0.19313886811501685,0.8367790983754625,0.4695695698952249,0.3172243159638139,0.24640774337608706,0.2019388905905935,0.9094164867519096,0.5058246160725917,0.3360705491093342,0.2552105497062287,0.2024554382541939,159.99214531035904
barrier,115,0.75,0.02,2.116613820521741,0.5299770156903529,0.30233592962262507,0.2099078679739715,0.16821601411846798,0.14292380975308555,0.6118837358562393,0.3474095330135896,0.23939835520114996,0.19031689355256373,0.16032003117839694,0.6661788442064197,0.37545603060464267,0.25560087026770284,0.20044139035703507,0.16625711792411726,0.7171789353101573,0.3997463463268454,0.2668185722861623,0.2041200355726114,0.16396320357900118,0.7668364184044498,0.4204683855267023,0.2712250747195913,0.1962773972637832,0.1408731028690673,158.68842778418542
barrier,110,1.0,0.02,2.729387765456124,0.4846141270186152,0.27637041156800285,0.1917868458974512,0.15361643180400228,0.13045106652058858,0.5375994389245654,0.3048501543210788,0.20965391683926451,0.16631781170989818,0.13978517616234898,0.5985351543113312,0.3364611930808973,0.22806826393698482,0.1779680705955934,0.1467713457293532,0.6608977073036689,0.366721692040169,0.24273385414018278,0.18360858352928064,0.14510404619916364,0.7116169403372773,0.38671623160222357,0.244235475512948,0.1688254783574202,0.09171072502880424,150.01363497415352
barrier,85,0.75,0.02,17.24536751655802,0.3254019975499697,0.18535489326127433,0.12839315232785878,0.10264663406697819,0.0869979775473892,0.3804923017689091,0.2150263492968865,0.14708056115657547,0.11600167919029397,0.096887308500203,0.5228546946092011,0.29282791422742227,0.19724731351234281,0.15278950332388863,0.12490854303833346,0.6435986543017596,0.35654004542705847,0.23526093469633086,0.17718042925060873,0.139091730069144,0.7431473469403846,0.4060565761474812,0.25984616669469546,0.18508721000965356,0.12593056075297432,135.90986799461695
barrier,115,0.5,0.02,2.018000707115916,0.5659250648329797,0.3229215338247393,0.2242838026532899,0.17980611352916598,0.15283263168194974,0.5864537097407294,0.3328350488050866,0.22920692624830166,0.1820895703882958,0.15327659711607458,0.6215692548430028,0.3497402056965677,0.2374450792872011,0.18562349202594472,0.15341147870680605,0.6744636704372868,0.37469507002839764,0.2485687856855707,0.18860416424327664,0.1497380462771487,0.7350090939051456,0.4010834030304107,0.2558732680073643,0.18106677378993466,0.11972118610097314,157.74847105466395
barrier,110,0.5,0.02,2.699484647154967,0.4670840552622582,0.2663396675030767,0.18479041057736176,0.1479829557248779,0.12564108019340164,0.5322502010821532,0.3017872278586497,0.20751521339305873,0.16459371818974752,0.13831152857191578,0.6008860464769213,0.33781649056050395,0.22902534672682393,0.17874953987057582,0.14744930253701502,0.6761966717262713,0.3757129851604634,0.24931269490244592,0.1892397137468088,0.15032543696020514,0.747949441610778,0.40898553082759576,0.2621739966893388,0.1874129716046174,0.12926851939568476,151.17693447948005
barrier,110,0.75,0.02,3.1471014700053557,0.46342814013255257,0.26424839271840056,0.18333178009298093,0.14680870205144658,0.12463868441525505,0.5759463867192489,0.3268145147448263,0.2249986256973996,0.17869351000151826,0.15037014081431718,0.6531625298855611,0.36795276135160787,0.2503038323219858,0.19611880051810424,0.16251073085909987,0.7382719626584447,0.4120903774533071,0.2757729235868516,0.2116839174078598,0.17082563008990814,0.8257741992379367,0.455989710461808,0.2986264765736003,0.2218919105043143,0.16948191358878223,143.0464307044697
barrier,115,0.75,0.02,1.3409363800435223,0.4382152624881525,0.2498261902287628,0.17327692977316897,0.1387164228526394,0.11773278122534196,0.5240365636927983,0.29708468861183257,0.20423220096995484,0.16194765653414175,0.13605024692803938,0.618173983909016,0.3477828845154045,0.236063014785441,0.18449526303796576,0.15243304986461298,0.7002810070295453,0.3898453025287538,0.25961952309045333,0.1980170348953634,0.15839424014380066,0.7889555089759557,0.43384964108862495,0.281640779782203,0.20619351981286124,0.15254287629552227,146.52125900792223
barrier,110,1.0,0.02,2.6495016296909144,0.5077959188962918,0.2896379326045984,0.20104446699694484,0.1610734233563774,0.13682031529708627,0.5285857727557856,0.29968916094553844,0.20605039276865383,0.16341298565300597,0.13730245877352779,0.6190150467661841,0.3482677452149682,0.2364053772476204,0.1847747494502392,0.15267543285753543,0.7193110058247513,0.40099485058042594,0.2677252470339077,0.20488722960604774,0.16466111611388531,0.8174998149726744,0.45102709516206196,0.2948423785142074,0.21843608942352508,0.1658665746665849,150.69436990135662
barrier,105,0.75,0.02,4.628500216197223,0.4825969550017621,0.27521610006301667,0.19098157722152506,0.152967946676917,0.12989729326970154,0.5379952237723145,0.3050767876137858,0.20981217588914192,0.1664448988504425,0.13989423943679513,0.6262156919308501,0.352418788087202,0.23933638646097213,0.18716737205968953,0.15475028020214626,0.7220956009786541,0.40262520797427465,0.26890885964687117,0.20588829505816542,0.16557112306203167,0.8048455507248901,0.44342342863821893,0.2890195314442247,0.21307478138773583,0.16014314053464365,145.06420908092716
barrier,120,0.75,0.02,2.2308587398187787,0.6891707022654531,0.3935492198547968,0.27366297341288615,0.21966304554113184,0.18694876736201302,0.7235133728192059,0.41143450106875906,0.2842205724346169,0.2265464132314815,0.19137724100134637,0.7419444459594884,0.41912878723057573,0.28642682703211514,0.2255884100397083,0.18804049124256242,0.7601329704510115,0.424868663401902,0.28501960502487284,0.21946730495468536,0.17784946600961418,0.7649323640399692,0.41931325360265165,0.27031966462418405,0.19540217359331102,0.13978802519213177,166.67264331258988
barrier,85,1.0,0.02,16.93180470709817,0.23671345808058517,0.13474797748313974,0.09324418731170746,0.07446840194415727,0.06304761555504862,0.30867089247677,0.17408951561111935,0.1187006009251482,0.09329772726054127,0.07763579901661488,0.44451221501407445,0.24765128914419554,0.16531382514971238,0.12666476212712302,0.1021658908955435,0.5927431724767327,0.3264970558521728,0.21303131595409913,0.15779668814615155,0.1204799846999635,0.7165912470602718,0.38978094444043654,0.24673984550801048,0.17152870302677428,0.10042991856018407,128.79159543502058
barrier,120,1.0,0.02,1.7027724696369497,0.621716744402638,0.35488417574803677,0.24662050482368125,0.19782734433197025,0.16825050047897444,0.6643610102731463,0.3774988184454611,0.2604530659641213,0.2073271738095371,0.1748944150073186,0.7041182260185396,0.3973255107663599,0.27103829597602913,0.21303645413237013,0.17716973375776507,0.7432541654904102,0.41500393649214523,0.2778831364084726,0.21346249070470852,0.17243381879897637,0.7686460645588656,0.4215657408987329,0.2720842179018986,0.1971057596228008,0.14189071147799232,166.54224729243012
barrier,120,0.75,0.02,2.102571213105077,0.6682531033456307,0.381556822520057,0.2652731238862484,0.21288643835058255,0.1811442797657681,0.7289487297113821,0.4145537221816421,0.28640610574601094,0.22831453593554868,0.19289434986802856,0.7805011381193215,0.44135221489469717,0.3021099681935425,0.23837786146445522,0.19911305975735344,0.7976354059744745,0.44675831885913553,0.3008145729052162,0.2327090005129551,0.18972684581105626,0.8079431419101777,0.4452863381547092,0.2904490757050965,0.21439621612972387,0.16156812364873693,158.41478218346185
barrier,120,1.0,0.02,2.637874955348303,0.7379935748055102,0.42154703596166787,0.2932583803094758,0.2354969191742275,0.20051710769591516,0.7762176236769888,0.441685678281103,0.30542281534365673,0.2437043799206026,0.20610346336356883,0.7957724606252491,0.45015411638573277,0.30832101308594384,0.24344221571703106,0.20349662009772362,0.824216859954379,0.46225245388853964,0.31196556563920835,0.2420234439426838,0.19803772232723085,0.8526149016385254,0.4720427936456259,0.3107889733346691,0.23287032552452286,0.1806657701487096,166.11259024170872
barrier,80,1.0,0.02,22.5208194615735,0.4677453628353733,0.2667180606492252,0.1850542756417261,0.1481953857834756,0.12582242783740744,0.6161266484340296,0.3498416417872019,0.24109904418286912,0.19169063090082022,0.16149647017506646,0.7383702614126497,0.4170686429983707,0.2849728823428302,0.22440259518370065,0.1870136747812842,0.8304022195274223,0.4658556113289511,0.3145556819376459,0.24418348967381015,0.1999605074648962,0.9092093331640109,0.5057018133861341,0.33597928197282595,0.2551308181580547,0.20237932399000494,136.46520965977686
barrier,105,1.0,0.02,4.5591900831730054,0.46547653868722727,0.26542038713546706,0.18414902604483988,0.14746660660200236,0.12520029234617017,0.5256716430232965,0.2980207670155802,0.20488565651266463,0.16247425728978704,0.13650025348690334,0.6241787783444896,0.35124454860260595,0.23850727905077093,0.18649057779363853,0.15416339941530335,0.7273404315015558,0.40569524708902605,0.2711365529546941,0.20777102823685084,0.16728080490276165,0.8249911510373654,0.45552038640767295,0.29826911675372403,0.2215664421579695,0.16914362930404991,141.97092573764544
barrier,120,0.75,0.02,1.4462901218722475,0.5871389583514505,0.33507280563720965,0.23277358723553435,0.18665378246040518,0.15868976850106792,0.6298616979232018,0.3577156660321388,0.24660755284590696,0.19613965066053451,0.16530732283702926,0.6847036706553398,0.38613446587820055,0.26313895239043533,0.2065919882538144,0.17158673953703285,0.7313436505566963,0.40803785738280873,0.2728354608223012,0.20920567872252263,0.16858139444429268,0.7803062743577673,0.42862512376061207,0.27758933448229106,0.20236746864773836,0.14815932114628944,165.06325327218678
barrier,115,0.5,0.02,2.4528760844643505,0.6039286350310168,0.3446917348808401,0.2394957758514012,0.19207720949522455,0.1633296895923302,0.6327955355326833,0.3593977408776133,0.2477844672431487,0.19709035561658367,0.1661217855530291,0.6723833413721088,0.3790325741363199,0.2581256756217645,0.20250156960438914,0.16804260356290449,0.7238168549679672,0.40363284589231296,0.2696401831766572,0.20650656980125048,0.16613285205502806,0.7781053004967297,0.42729405221093947,0.27655411961781484,0.20138376110844927,0.1470105282356428,156.6202999843044
barrier,120,0.75,0.02,2.103639273379862,0.6627389338335105,0.3783958349215036,0.2630620119600654,0.21110065864771219,0.1796148479468267,0.7219945348475987,0.4105634003159485,0.2836098995644268,0.22605239384186465,0.1909533769718315,0.7644145795787964,0.43208029803665376,0.29556696829291723,0.23304242504675243,0.1944942975637809,0.8042234564208864,0.45059994260840464,0.30358142847151837,0.23502254994006155,0.19179413447318716,0.8327482703158667,0.460167045936134,0.30180259253913005,0.22477683712818455,0.17246208189802048,164.8558811514909
barrier,115,1.0,0.02,1.3701149377087711,0.44289927836741566,0.25250507751095685,0.17514432263120186,0.14021915280461755,0.11901480363963406,0.5219260414893422,0.295876458183329,0.20338880263356962,0.16126802174517635,0.13546949623985266,0.5923687883102772,0.33290623579315903,0.22555776418307227,0.17591811851466316,0.14499278046545108,0.6527098420716658,0.36190465981152187,0.239201587992519,0.18057466123193008,0.14227412012968546,0.7187792580094483,0.39112727224922866,0.2478361830062948,0.17269856405889544,0.10344179737826173,142.16429136981697
barrier,110,1.0,0.02,2.6348953594932443,0.4067300724406439,0.23182256619454777,0.16073252476134411,0.12862603567976222,0.10912696353343847,0.524026412372561,0.29707887708847663,0.20422814415997087,0.16194438734371366,0.136047453307582,0.6247556472700181,0.35157710224330097,0.23874208952327478,0.18668225322800058,0.1543296123868939,0.6998594572059763,0.3895981586638877,0.2594395940997913,0.19786423328818367,0.158254409116555,0.7232621201275281,0.39388281060247776,0.25007265188022504,0.1750627053319828,0.1087636801077404,137.42247594629148
barrier,90,1.0,0.02,12.98926151126574,0.2755844464534036,0.15691938045948697,0.10863382051395017,0.0867980584803684,0.07352044664101016,0.3615796346603242,0.204236995254243,0.13959012792760644,0.11000043449272577,0.0917906368517098,0.5033617073190854,0.2815881264058564,0.18930491693107493,0.14629616491120545,0.11926271762543439,0.6294435321665969,0.3481957665041778,0.22911594955795297,0.17186533622461478,0.1340700591877275,0.7490421028921432,0.409651426753658,0.2627020833142798,0.18793812952310554,0.1300009575769027,135.85267179891065
barrier,115,1.0,0.02,2.8233021885312897,0.6185744921156056,0.35308346940512464,0.24536163579746054,0.19681114339454314,0.16738094035976342,0.6913256884342007,0.392966240368574,0.27128339863717615,0.21608263220095783,0.18240157716395553,0.7489174756991038,0.4231479885396181,0.28926332636736035,0.22790174544422703,0.1900435501196748,0.8145625130157857,0.45662683224706097,0.30791937808523034,0.23864655877241528,0.1950281620486618,0.8858704551206794,0.49184877354362344,0.32565612517821335,0.24607320527015156,0.19366512479892128,155.44370418225165
barrier,115,1.0,0.02,2.1192263559507345,0.536468932919329,0.3060527145975115,0.2125030468031127,0.17030775712441928,0.14471164451740787,0.6230883305892156,0.35383247056336903,0.24389078410722315,0.19394526500254486,0.16342758441205205,0.7313845189057717,0.4130420690352432,0.2821310828335426,0.22208479574723902,0.18500655544141834,0.8523784877942908,0.47865141488335466,0.32374545337851496,0.2518378279694973,0.20676226531959072,0.9554299924729776,0.5330418734837119,0.3562064676644955,0.27267715968547024,0.2189269153738821,153.8449722417321
barrier,105,1.0,0.02,4.304286868352989,0.3899022627918401,0.22220340004260614,0.1540329617145402,0.12324041482801795,0.10453599432233261,0.49767124943298335,0.2819942457172643,0.1937017247696754,0.15346491210754523,0.12880428232171579,0.5957421577351538,0.33485101381871774,0.22693117178192512,0.17703959446623788,0.1459658143912191,0.6759791978017438,0.3755852551032763,0.24921935967139316,0.18915998998544448,0.15025177953481475,0.749559116065696,0.40996643747153577,0.26295175638966706,0.18818584052424553,0.13034432922554925,138.13609961618434
barrier,115,0.75,0.02,2.063111103471325,0.5173274986967384,0.2950940947369162,0.20485248135008083,0.16414183805673038,0.13944210571503426,0.6108294834542006,0.34680523797773405,0.23897568797848817,0.18997560204688493,0.16002776473235097,0.6871477162148307,0.38754329066584314,0.26413342229219544,0.207403348612461,0.17228970934799895,0.767851205914538,0.42937702148741375,0.2882770837992015,0.22220339405352146,0.1803105305783826,0.8463137744473557,0.4682800811162472,0.3079481290875482,0.230321920728192,0.17810516217431943,139.6466277595478
barrier,110,1.0,0.02,2.9390744810785834,0.5356149188261522,0.30556417433634997,0.21216162436207497,0.17003255638061485,0.14447640889769817,0.560807862591195,0.31814185062673195,0.2189382322898235,0.173804224356638,0.1461869977946355,0.6138963670164439,0.34531688960965895,0.23432174005576467,0.18307374209359978,0.15120018937435206,0.6745779408607061,0.37476219362171165,0.24861784748039603,0.18864608860276966,0.14977680807283822,0.7389565131486441,0.403497124327182,0.2578046379013117,0.18302977067392268,0.12283305542410465,153.03267828509217
barrier,115,0.5,0.02,1.689713695302621,0.520863077385342,0.2971181105408827,0.2062652953982341,0.1652802078486503,0.14041496575403462,0.5439436007664398,0.30848310158092807,0.21219100445369204,0.1683628302286277,0.14153386957030664,0.5995159524303608,0.33702662725188703,0.2284675633418434,0.17829410574042742,0.147054198371383,0.6740082016480201,0.3744275168449294,0.24837321690003158,0.18843703375497017,0.1495835031019902,0.7575131001506288,0.41480738424122954,0.26677703564539346,0.19195425254787477,0.1353976102053761,154.03963144909702
barrier,85,0.5,0.02,17.293389120662894,0.38030753284151614,0.2167197494448895,0.15021510607564367,0.12017191408091198,0.10192135437079432,0.4556885221955765,0.25798056998079366,0.17696169156654865,0.1399938503437211,0.11731044098875376,0.5630105856220383,0.31598046383148004,0.21360349975323273,0.16615471825679357,0.13651875708662425,0.6544112245355914,0.3629059054672155,0.23993625435522023,0.18120632218404223,0.1428645015196587,0.7311200574678427,0.398702515451794,0.2539619290743708,0.17910717218950337,0.11642483979755631,135.71615418178195
barrier,95,1.0,0.02,8.993151138879536,0.27289827812124345,0.15538660624421488,0.10756953871101234,0.08594498148990878,0.07279553276827648,0.3577012679091417,0.20202494623927975,0.1380554919673948,0.10877161718593202,0.09074743649553628,0.48364176379864776,0.27021688008066236,0.1812681596621439,0.139722961436554,0.11354330112520457,0.6201246101209928,0.3426953340872767,0.22505394523371808,0.16833585436019832,0.13070528923634722,0.7330843788647659,0.3999054436972857,0.2549284114169427,0.1801002326133317,0.11812187221115318,127.44002428440382
barrier,120,0.5,0.02,1.1297217963057182,0.546136375977082,0.3115885463580234,0.21636848621818544,0.17342379795552937,0.14737536193750933,0.5771228173172455,0.32748854982200093,0.22546972293397394,0.1790736422962783,0.15069540857070643,0.6223975660459461,0.35021771272042734,0.23778224324509364,0.1858987252473478,0.15365015941380697,0.6783343433217176,0.37696839531109383,0.25022986970609035,0.1900228911901379,0.15104864089826447,0.7587152588047322,0.41553764960159517,0.2673526777990008,0.19251714078095675,0.1361277773161525,154.16876443042523
