type,K,T,r,price,sigma_080_1m,sigma_080_3m,sigma_080_6m,sigma_080_9m,sigma_080_12m,sigma_090_1m,sigma_090_3m,sigma_090_6m,sigma_090_9m,sigma_090_12m,sigma_100_1m,sigma_100_3m,sigma_100_6m,sigma_100_9m,sigma_100_12m,sigma_110_1m,sigma_110_3m,sigma_110_6m,sigma_110_9m,sigma_110_12m,sigma_120_1m,sigma_120_3m,sigma_120_6m,sigma_120_9m,sigma_120_12m
asian,110,0.5,0.02,1.5627316855154265,0.47534132678813434,0.271064345549796,0.1880854959034601,0.1506359150204708,0.12790603366138764,0.4122948968189055,0.23318277940105592,0.1597003642693788,0.12612497111640011,0.10549623916734699,0.49240938307655113,0.2752726904066809,0.18484152308559187,0.1426460177335131,0.11608724144116131,0.6086243136950258,0.3358989914644435,0.22002124286443103,0.16394186869590563,0.1264782518743649,0.7371769446606834,0.40240933193588463,0.2569350003810467,0.18214780765093228,0.12145601775097804
asian,105,1.0,0.02,4.893810544633696,0.5746582983459978,0.32792367413372575,0.2277783907521112,0.1826246403901323,0.15524296255736217,0.5811559855953093,0.32979943043855303,0.22708493723745346,0.18037704707752286,0.15181074018388627,0.6270499201737931,0.3528997027396396,0.23967594832971575,0.18744455000963448,0.15499062882975803,0.684722560582912,0.38071879556166194,0.2529679048691323,0.1923583556844608,0.15320128873047095,0.7692852624164258,0.42195322994055784,0.272387366101124,0.19739755997513678,0.1422468668071237
asian,80,1.0,0.02,21.307089451189384,0.5493757302457882,0.31344355127522444,0.21766393065796283,0.1744682073381016,0.14826849542043377,0.5833475959822852,0.3310552069093928,0.22796273408442613,0.1810854376262776,0.15241708613910077,0.6181637138933674,0.3477769639944043,0.23605883426772098,0.18449185027198162,0.1524300901412146,0.6631520667932861,0.36804733609667695,0.2437049594504123,0.18444134771819914,0.1458787295448107,0.7227494589803836,0.3935679338943054,0.24981758024946102,0.17479458571613696,0.10819991328877113
asian,110,1.0,0.02,3.47182250452033,0.5938493363641574,0.33891704831922326,0.23545992765378737,0.18882101228048354,0.16054362671033873,0.6136546004842288,0.3484246066525508,0.24010785425778836,0.19089021432274664,0.16081108384542447,0.6556657435337813,0.3693957520490859,0.25132255566505435,0.1969501549392892,0.1632313175305477,0.7236105857434236,0.4035120996632756,0.2695525561511003,0.2064324985198731,0.16606556952422874,0.8221506296133326,0.4538173577690075,0.2969714890965852,0.22038308141624494,0.16790989669094225
asian,105,1.0,0.02,4.8667474701896705,0.6127051504323833,0.3497203685727463,0.2430107605408351,0.1949137200089596,0.1657570838850503,0.5865590535419161,0.3328954133813896,0.2292491253147403,0.18212362857686948,0.1533057505838533,0.6267037252136367,0.3527001288600011,0.23953503435602885,0.18732952486418866,0.15489088775928864,0.683093050754397,0.3797623193028362,0.2522698846627366,0.1917633205369011,0.15265338368682171,0.7384019776049446,0.4031582171112156,0.2575338347804068,0.18275548963901897,0.12240822819214746
asian,80,0.5,0.02,21.73306054142645,0.49279139670737704,0.28105006841848557,0.1950516003973081,0.15624592269831453,0.13269673349034905,0.42298605791490895,0.23929004845401278,0.16394880040780882,0.12953633141162438,0.1083999749426335,0.4526031078125701,0.25231746700057567,0.16861356457282325,0.1293667057369673,0.10452197838672682,0.5531664043028834,0.30296697237646725,0.1953645638922933,0.1419738139818865,0.1043520985001614,0.7121361050686572,0.38703636273563335,0.2444977089475235,0.16911057063009527,0.09280747258767508
asian,105,1.0,0.02,4.244782021386775,0.5263040250634019,0.30023304534298395,0.20843977157347315,0.16703285415044755,0.14191229223480628,0.5335657271799114,0.3025404621672049,0.20804113659265547,0.16501766660723008,0.13867387012130503,0.5699975270297971,0.320008703100718,0.21644875834821362,0.16847886176005875,0.13853647319478182,0.6330382490869462,0.35031599448645134,0.23067924335255988,0.1732202372108997,0.13535498493461753,0.712249031371559,0.38710598807564345,0.24455472293410105,0.1691724710296597,0.09303809687263499
asian,100,1.0,0.02,5.424586108443677,0.48380235650143405,0.27590587874382866,0.19146277566052655,0.15335545434409595,0.13022820252048517,0.4219818166764353,0.2387163347778261,0.16354961943535318,0.12921574269855765,0.10812699839817111,0.4732401014933343,0.26421863475294877,0.1770281451092037,0.13625386857752247,0.11052288968052101,0.5868812072330993,0.3230213562563038,0.21043874036951565,0.15550275355761742,0.11821038133710764,0.7356986784365337,0.40150527079228937,0.2562112832555723,0.18141167532896182,0.12028028304809017
asian,120,0.75,0.02,1.2648680161746324,0.5917147395677438,0.33769415502733124,0.23460533962502664,0.18813154678462446,0.15995372773035146,0.5639456071019653,0.31993928002277766,0.2201940886503442,0.17481726140052997,0.14705396308603433,0.5877179744153883,0.33022498063476924,0.22366420834778983,0.17437173959720115,0.1436510596213206,0.6519551204675726,0.3614604628309532,0.23887557728406864,0.1802942482452828,0.14201184140781029,0.7402617902377483,0.40429463001868504,0.25844130305660185,0.18367346195854617,0.12381855147631332
asian,85,1.0,0.02,16.90260089741436,0.5779589982396037,0.3298142433445758,0.22909926557077537,0.1836899374044245,0.15615421661698442,0.5692885493178453,0.32300011038051785,0.2223328900333749,0.17654269357738556,0.14852994838048275,0.5847472166626485,0.3285122882610866,0.22245464239326065,0.17338409899844137,0.14279388856206887,0.6262300435715055,0.3462996831025412,0.2277167785640535,0.17065100207022757,0.13291542784777866,0.7068434745781947,0.383769872809574,0.24181503346423747,0.16617012673444786,0.07482514198270104
asian,85,1.0,0.02,17.587097268977903,0.6772458529234061,0.38671221425285274,0.2688796244643316,0.21579928188450814,0.1836389439486629,0.6535699022435636,0.3713100168067054,0.2561209087112184,0.20382595321738195,0.17189341503715433,0.6709549102473257,0.37820916653722414,0.257544409708033,0.20202727979958512,0.1676312477933778,0.7198382575956389,0.4013035741002552,0.2679494069635965,0.2050768575872335,0.16483355193395022,0.7950752334350701,0.43754048804125983,0.2844922249483433,0.20886491825272546,0.15553248667912672
asian,110,1.0,0.02,2.876171410519805,0.5725393443701141,0.326709769969865,0.22693030717735319,0.18194026894320722,0.1546579328660811,0.5575338533669612,0.31626644271319704,0.21762799346818748,0.1727473977083558,0.14528317767937662,0.5772577244678279,0.3241944276285739,0.2194051103495819,0.17089352221108103,0.14063242757675665,0.6292347809020402,0.3480726156865025,0.2290251064023948,0.17178654261453152,0.1339952272557739,0.7149675660324725,0.3887811916477019,0.2459246355069918,0.17065313707125576,0.09793863214566527
asian,105,0.75,0.02,3.7396931764783203,0.4385097830342463,0.24999462201447475,0.17339433813115954,0.1388108913334553,0.11781337925140328,0.4646171457529413,0.26308592246538054,0.18051884728815004,0.14285480374747345,0.11975001561353492,0.5406139147909632,0.3030675400746336,0.20448176779605023,0.15870207846517187,0.13004633398534723,0.6497175770479067,0.360143352985764,0.23790861424774093,0.17946212198157027,0.1412328924629079,0.7689944543421726,0.4217769462029134,0.27224946675841266,0.19726485384244125,0.1420850267026119
asian,80,0.75,0.02,21.4291750551669,0.5472467056588289,0.3122243665578247,0.21681250395373247,0.17378176643593465,0.14768139456948276,0.5498991315328465,0.311893954833809,0.21457325451057413,0.17028378474750275,0.14317636608051346,0.5676472026929401,0.3186536572440032,0.215491666687403,0.1676970880842532,0.13785780975554968,0.6201471536753886,0.342708647393569,0.22506378852348066,0.16834442572339067,0.1307134910489118,0.7074506220561896,0.38414492170170533,0.24212384679815965,0.16651144948240865,0.07855386323994909
asian,105,0.75,0.02,3.6424145324185613,0.5100123280983632,0.29090662058894856,0.20192984068178782,0.16178682227958385,0.13742986992842532,0.47689296325743935,0.27010666690789015,0.1854122193311222,0.14679181215334489,0.12310856402424727,0.5157512067051698,0.2887320590611867,0.19435321713680412,0.15042370156074808,0.1228519608322734,0.6118017625778801,0.3377777362700838,0.22141404662183545,0.1651602452475878,0.12765505647683345,0.7655625637848943,0.4196956370938117,0.2706195009947125,0.19569227299109268,0.1401489371968858
asian,95,1.0,0.02,10.23759191619738,0.5517124101021512,0.3147816754978754,0.21859845541748424,0.17522167108506853,0.14891235752157655,0.5590050912589102,0.317109182681861,0.21821675416051337,0.1732222768105033,0.14568929119882912,0.6309504801265781,0.35514828363991247,0.24126359618937307,0.18874048729674095,0.1561143285204891,0.7235499127679724,0.4034765825207317,0.269526780500584,0.20641070978650455,0.1660457769930544,0.8241357069460313,0.45500760285472697,0.2978785416981585,0.22121051525425836,0.1687731796116436
asian,95,1.0,0.02,8.604786758278673,0.5038231888204221,0.28736399262500456,0.19945723454173903,0.15979484673577266,0.13572823551563926,0.45507857881376856,0.2576318451766185,0.17671875530637327,0.13979849101187378,0.1171438880126122,0.48007899574618795,0.2681623878590081,0.1798157753389806,0.13853488919453302,0.11250904887229245,0.5729978991217329,0.3147775721295082,0.20426669071984813,0.1500066862610756,0.11269005571020094,0.727862457479532,0.39670594434478085,0.25235413964008857,0.1774448931729234,0.11344090219150382
asian,115,1.0,0.02,2.003620940040734,0.6200406235905285,0.3539236545681662,0.24594898987710082,0.19728502200429196,0.16778664802782034,0.5676262860411363,0.32204782030795764,0.22166743474267528,0.17600582932520684,0.14807067328792803,0.5872911870318847,0.32997893100911935,0.22349044048542213,0.17422978421628962,0.14352792243337717,0.6629530517544281,0.36793031877074883,0.24361925444098662,0.1843678744718265,0.14581041757455823,0.7602604295125844,0.416476585205534,0.2680916328751764,0.19323819159588213,0.13705538474988535
asian,120,1.0,0.02,1.2321098972470081,0.569210627724659,0.3248032760144986,0.22559839245294558,0.18086628668402588,0.15373923519668975,0.5818892027099601,0.33021955437056155,0.2273786023424498,0.1806140338949358,0.15201358726807443,0.6059389658485269,0.34072949795983426,0.23108240777474623,0.18042908496769797,0.14890627504671383,0.6579678042350645,0.3649984047861431,0.24147083500845096,0.18252464344594424,0.14409430218568806,0.7473489294420224,0.40861947672437926,0.2618835201023021,0.1871239645200501,0.12886195844513004
asian,80,1.0,0.02,21.289036414163423,0.4459303793267486,0.254238768469725,0.17635262773502106,0.1411913645168665,0.1198446521122932,0.44780137104287204,0.25347162748678015,0.1738209381507255,0.1374689619835057,0.1151577781399437,0.5281576180380169,0.2958855222423755,0.19940767453348718,0.1545553105165497,0.126443247231649,0.6200125080476397,0.3426291306378145,0.22500499637623153,0.16829322926482843,0.1306644995249061,0.7147264426525544,0.38863267513555083,0.24580334039250099,0.17052256039326824,0.09754539997362309
asian,80,1.0,0.02,21.34769421980273,0.5925707793865871,0.33818457012982067,0.23494805053532986,0.18840803712459528,0.16019029035939286,0.5857140183015106,0.33241118984055607,0.22891062176842167,0.1818504299746543,0.15307189640020571,0.6089232723266754,0.34244993881744334,0.23229729350599984,0.18142096886438533,0.14976665081492865,0.6531585153570841,0.36216871481657176,0.23939536319351643,0.1807413013871855,0.14242992774257954,0.7261092738901982,0.3956305551507351,0.251486213685794,0.17654198782099081,0.11173169478050592
asian,90,0.75,0.02,12.537790492245882,0.5247396875275389,0.29933744571283744,0.20781454985671058,0.16652902023597543,0.14148174023992124,0.4234207365311401,0.2395383813556021,0.1641215917068386,0.12967510678747116,0.10851814332566613,0.4535657596627473,0.25287263826159423,0.16900613491702493,0.12968811213169573,0.10480217106998661,0.5708922748886797,0.313525560252725,0.20332655521123624,0.14916465976989385,0.11183295009753866,0.7109231799323885,0.386288344194205,0.24388474679316893,0.16844338501591252,0.09013829690709488
asian,105,1.0,0.02,4.960556954881933,0.6286192726232073,0.3588398119443771,0.24938605064501368,0.200059316819933,0.1701611246358348,0.6107133658051883,0.3467386801054647,0.2389291353132237,0.1899380125908574,0.15999557521293759,0.6196409164288198,0.3486285497020005,0.23666014203018815,0.1849827242498263,0.1528557955502292,0.6616023787541638,0.36713609255769486,0.243037468802295,0.18386900624240046,0.1453464049763691,0.7311170068915204,0.39870064673473715,0.2539604263959147,0.17910562464517127,0.11642214899517303
asian,100,1.0,0.02,6.970078003041548,0.5703937104535783,0.3254808904644216,0.2260717822552415,0.1812480742253463,0.15406574529614048,0.5575169147453755,0.31625674019389244,0.21762121515201122,0.17274193058847073,0.14527850236020567,0.6104646278397857,0.34333852087096184,0.2329247559359717,0.18193324317273687,0.1502109873557509,0.6746514478965967,0.37480537206036424,0.248649406841173,0.18867305607874804,0.1498017401871734,0.7538025780135851,0.4125503554854592,0.26499619014794823,0.1902060407182125,0.1330907096009318
asian,80,0.75,0.02,21.796983824305816,0.5856692860974811,0.3342308943368937,0.23218531233551754,0.18617920357608497,0.15828359768948863,0.5391130586571331,0.3057168869817858,0.2102591684647217,0.16680526679206267,0.14020229407955123,0.557687732170938,0.31291159761932713,0.21143577962053053,0.16438386950926986,0.1349811586604068,0.6325924694543341,0.3500531106502281,0.2304854850372801,0.17305241263431137,0.13519601509914445,0.7514637965882877,0.41112655247763163,0.26387045136064924,0.18909543581799143,0.13159240773459407
asian,105,1.0,0.02,2.7952457834117967,0.4557418349010529,0.259851269940888,0.18026560639589043,0.14434058406494846,0.12253202818325588,0.4059296401142117,0.22954745631132342,0.15717206949504756,0.12409584681750063,0.10376948164812584,0.453970435833655,0.25310601862135745,0.16917116028360996,0.1298232194746341,0.10491994920292863,0.581480989465233,0.31981672063438993,0.20804326144756213,0.15337596577676932,0.11608896523177245,0.7186762618822106,0.3910639196207461,0.24778464812443562,0.1726437575779623,0.10330736456578012
asian,105,0.75,0.02,4.230144309406665,0.5901085300134499,0.33677398230788436,0.23396232298066336,0.18761278555790184,0.15950987261067198,0.5447759044940749,0.30895974210309785,0.21252389776869315,0.16863124657791506,0.14176336014874794,0.5586401262327052,0.31346069836725127,0.2118236477459766,0.16470073563036322,0.13525630306201814,0.629261605239573,0.34808844060740324,0.22903678003372088,0.1717966682163816,0.13400484442411884,0.7419394849624356,0.40531922598957415,0.259258332676292,0.18449695153212886,0.1250571217034839
asian,90,1.0,0.02,12.671829076972951,0.3744889590797091,0.21339506270175593,0.14790045797538057,0.11831185070041197,0.10033638999165448,0.406808559097002,0.23004939297166446,0.15752103279448526,0.12437594378054287,0.10400779444629353,0.5010706765459972,0.28026706548580255,0.1883713150950226,0.1455327316697777,0.11859867232633074,0.5966849506298486,0.32883257234143787,0.2147709004080495,0.15933108342792465,0.12198825459186306,0.70841906928928,0.384742974126952,0.24261584636095354,0.16705368133406093,0.0828101378850181
asian,80,1.0,0.02,21.33463372382505,0.3777410164866143,0.21525301739765168,0.14919407823923767,0.11935138752455314,0.10122195796864379,0.4901139467079517,0.2776700624392653,0.19068602065515292,0.15103654821493895,0.12673101886335822,0.5860694447310107,0.32927457635851676,0.22299300087922508,0.1738239090603266,0.1431754120788916,0.6579155740304241,0.3649676802940515,0.24144831020655916,0.18250530352450123,0.1440762713637955,0.7248442646410652,0.39485422434027023,0.2508587861672927,0.1758867513453096,0.1104448843248801
asian,115,1.0,0.02,2.523699734505206,0.6408777201553009,0.36586523325606507,0.25429854095032156,0.20402479515174032,0.1735556570962753,0.6429474182111166,0.3652186138772304,0.25185766757969086,0.20038106610362028,0.16894126657212516,0.6692189435632777,0.3772084804782963,0.2568379933639327,0.20145086508263962,0.16713193497437687,0.71411264411926,0.39795050113504093,0.26551396118600407,0.2030155716090815,0.16295769321076006,0.7910430746821031,0.4351091779005502,0.28261479553354896,0.20710801010417138,0.1535722882667128
asian,80,1.0,0.02,21.68030080334955,0.4671363268450184,0.2663695765399357,0.1848112670046875,0.1479997465313305,0.1256554141103336,0.49547533599150295,0.28073771256056124,0.1928252098827408,0.15275915835883513,0.12820168327349235,0.5447338195591831,0.3054429396689365,0.2061598742337018,0.16007331476787423,0.13123750492945174,0.6248592821717747,0.34549067241183157,0.2271194515024751,0.17013208770923557,0.1324211269214592,0.747991239305519,0.4090110071508834,0.26219420830417806,0.18743306999589024,0.1292967096799759
asian,115,0.75,0.02,1.3466128992236746,0.5970251018953423,0.3407364664338959,0.23673143136357583,0.1898468750593785,0.16142135295618673,0.4632519027321354,0.2623052030849863,0.17997481402338605,0.14241719445081213,0.11937680394394967,0.46916973853233734,0.26187135752135426,0.17536857273264675,0.1348959554604677,0.10934020950952017,0.5782501887571592,0.317898180388101,0.20660698206282518,0.1520969962003908,0.11480456668154633,0.7196311657913305,0.39165119189501807,0.24826216749899957,0.17315150581283467,0.10452961071199186
asian,105,1.0,0.02,4.5392805021344556,0.553579887075071,0.3158511274152245,0.2193454233502173,0.175823965696648,0.14942731044253904,0.5571897128218399,0.31606931786960224,0.21749027983937624,0.1726363238004783,0.14518819113124745,0.5936063684882273,0.3336197132969174,0.22606162719168055,0.1763295602958584,0.14534977010828476,0.6523700611185302,0.36170468313627735,0.23905482468919398,0.18044843360245016,0.1421560702933545,0.7528443530052529,0.411967116933203,0.2645352709082205,0.18975184250563984,0.13248121480946848
asian,110,1.0,0.02,2.9663893036450792,0.5896965867250743,0.33653798947744534,0.2337974135191914,0.18747974449906707,0.15939603902530888,0.565991861049432,0.3211114990442459,0.22101316313837627,0.17547800739643044,0.14761915602936046,0.6021044822948525,0.338518920913414,0.2295213832359385,0.17915455136376657,0.14780065474158427,0.7036273010056756,0.39180689199515367,0.26104723746750047,0.19922904961118063,0.15950260729346633,0.8353810571586624,0.46174333657496436,0.3029985859511801,0.22585969331470498,0.17357211569562442
asian,90,1.0,0.02,13.225502964310966,0.4682340910323525,0.2669977093532264,0.1852492841679767,0.14835238311227478,0.12595645510262002,0.5153075262485548,0.292087773812752,0.20074443144644244,0.15913737366947386,0.13364907826946476,0.5806730849823355,0.3261634671051618,0.22079578223942506,0.17202935340595335,0.14161818260104428,0.6591670932329073,0.3657038481711216,0.2419879488496194,0.1829685547392235,0.1445080226303997,0.7662265108343987,0.42009843247254847,0.2709352159455301,0.19599745670236138,0.1405272962028872
asian,80,1.0,0.02,21.917375783454546,0.5441812696690099,0.31046898595958816,0.21558667587342967,0.17279351578801053,0.14683653803935967,0.5741656949814938,0.3257942887189789,0.22428559152710897,0.17811817566390348,0.1498778639517373,0.6273607228345861,0.3530788736372771,0.23980245607072406,0.18754781531664824,0.15508017218107037,0.7032577961467453,0.3915903114043461,0.2608896360233567,0.19909529446760815,0.1593803591202551,0.8048603276130206,0.4434323181357694,0.2890263576916532,0.21308109978769754,0.16014997807429437
asian,115,1.0,0.02,1.4697076776021103,0.47013660726253836,0.2680863524907315,0.1860084398255502,0.14896357694848605,0.1264782383209272,0.5342320331720529,0.30292197686066735,0.20830752433408317,0.16523240735700967,0.13885741123636455,0.6090332916288057,0.342513364348177,0.23234208092424746,0.18145753459017588,0.14979836760820398,0.6838522018242416,0.3802079345231754,0.25259510977286703,0.19204059216266572,0.15290873990468773,0.7541166929548373,0.41274151287898625,0.26514719123395375,0.1903546833724105,0.13328922794209722
asian,110,0.75,0.02,1.6168527118875862,0.4059812979963579,0.2313945031116213,0.1604338880843665,0.12838625888574523,0.10892254981059278,0.419688310039462,0.23740613876739594,0.16263806908006512,0.12848370851051735,0.1075037200799265,0.4986409472355079,0.2788660188997116,0.187381163335842,0.14472301626411183,0.11789430765900417,0.602111582297909,0.3320457727181208,0.21716065804607507,0.16143338460933407,0.12404313636095435,0.718185774088259,0.390762190914674,0.2475391302149952,0.1723824457886758,0.10265796906282963
asian,115,1.0,0.02,1.338106673577457,0.5001267423456336,0.2852482846616997,0.1979809665946809,0.158605741530052,0.1347122208377671,0.5062672941979907,0.28691350732908333,0.1971337092392403,0.15622877430152915,0.13116455271461405,0.555674579357975,0.3117509151923016,0.21061589990621113,0.16371406028271263,0.1343995214961468,0.6287637383068011,0.3477947181678621,0.2288200963399473,0.17160870067769396,0.13382628276627656,0.7116032079109655,0.38670776298186976,0.2442285365232651,0.16881792766425557,0.0916808495997974
asian,120,1.0,0.02,1.2188239244963073,0.5642971259784925,0.3219892025763565,0.2236324802399331,0.17928085726909504,0.15238352784236606,0.5834826342880495,0.3311325840376134,0.2280168225957377,0.1811290886823024,0.15245444965019034,0.6138911008948962,0.34531385374329915,0.23431959636171068,0.18307199201158886,0.15119867150175637,0.6583672575047126,0.3652333789140807,0.24164309221949487,0.1826725341434094,0.1442321650625939,0.7332875254453795,0.400029806158844,0.255028236705477,0.18020254714769782,0.11829350552107455
asian,90,1.0,0.02,12.877367451866702,0.5787779377241592,0.33028333119219566,0.2294270100908455,0.18395428683174286,0.1563803379126354,0.5528065215557038,0.31355918853792536,0.21573642919432195,0.1712218206332744,0.14397852457135368,0.5687667777641761,0.3192991329947306,0.2159475789733891,0.168069490421163,0.13818109957109403,0.6225442732616651,0.34412408836688735,0.22610997859384405,0.16925443793408718,0.13158384460451553,0.709867272413095,0.38563688528068346,0.2433502579557429,0.16785981535576644,0.08744237437857356
asian,105,1.0,0.02,5.12875059788794,0.5838435871156518,0.33318504939711724,0.23145457837882,0.18558969821894075,0.1577792799706625,0.6051236646363919,0.34353453136617207,0.23668816421058636,0.18812862792499685,0.15844620505061072,0.6482165715120763,0.36510162281996794,0.2482909497353805,0.19447608536653868,0.16108681198674227,0.7147310479219459,0.39831270624295456,0.2657771354109064,0.20323842391189118,0.16316065482490016,0.8247742904872808,0.4553903992894758,0.2981701209036598,0.22147624886402886,0.1690498062865334
asian,115,1.0,0.02,1.5033586268777093,0.484029931081017,0.276036107054918,0.1915536258321679,0.1534286166448316,0.1302906797655449,0.5447732245517596,0.3089582073541288,0.21252282586494461,0.16863038227921856,0.14176262118195965,0.6256885346399409,0.352114892922856,0.23912181289717116,0.1869922185405393,0.15459839807062048,0.706642510784378,0.3935740150013231,0.26233283139071545,0.2003197313120566,0.16049889361904213,0.7883601139415859,0.43349030732192084,0.28136271356456005,0.20593208049750666,0.15224737960747267
asian,115,1.0,0.02,1.5799879034483537,0.4812959943328374,0.2744716494946132,0.19046225138275186,0.15254974439347854,0.1295401811004737,0.5438990145054493,0.3084575682642535,0.21217317176756423,0.1683484516404821,0.14152157632167994,0.5968710798480187,0.33550184510937703,0.22739078445452826,0.17741488810754316,0.14629141854890035,0.6630255905435795,0.36797297053440925,0.24365049351371904,0.18439465562472476,0.145835318251746,0.7342740048567722,0.4006335984419501,0.2555126545281984,0.18069837646806597,0.11911731263805363
asian,85,1.0,0.02,17.628065427807815,0.611672653276481,0.34912873883232426,0.24259712247601906,0.19457997507582522,0.16547147882471763,0.5816866641084348,0.33010350196380733,0.22729748167087627,0.1805485693887929,0.15195755327431698,0.629172062436098,0.35412306939292304,0.24053973055442895,0.18814962902298965,0.15560200752198544,0.7057997982483005,0.3930801631521788,0.261973605532405,0.20001503843076862,0.1602206714197858,0.8065645915947808,0.4444574041269173,0.28981321812696564,0.21380887888418054,0.16093599600607025
asian,115,1.0,0.02,1.1748890879236036,0.5402635056131386,0.3082255791700785,0.21402015526503426,0.17153067604418382,0.14575699739227238,0.45534820523597624,0.25778599891669207,0.17682614463862725,0.13988484863081718,0.11721751139032792,0.48577297346493387,0.2714458449069552,0.1821369250500786,0.14043357695130168,0.11416183683353108,0.5888726563154612,0.3242024717027121,0.21132050529846616,0.15628372597990395,0.11898513893481327,0.7085636663257302,0.38483224935777427,0.2426892449658232,0.16713441146776428,0.08334325607713368
asian,100,1.0,0.02,6.6750238914980855,0.563475531720693,0.32151818284914674,0.22330377669828755,0.17901577995854545,0.15215690778639762,0.5592889866205646,0.31727180269744837,0.2183303672840544,0.17331391606768232,0.14576766295715646,0.5842501533112963,0.3282257218914936,0.22225225655207148,0.17321875873615192,0.1426504575726564,0.6414567480519314,0.3552782041235794,0.23433292876788006,0.17637954864969374,0.1383382017870099,0.7421156729197436,0.4054267976571564,0.2593440518909186,0.18458318587631337,0.12518545300907086
asian,100,0.75,0.02,5.6397975836492815,0.568394532015467,0.3243358688898752,0.22527185896418386,0.18060294244219627,0.15351402610671314,0.46810345384413443,0.26507972515285544,0.18190830899363067,0.1439725473049172,0.12070336287650614,0.48984051955409696,0.2737913794306076,0.18379444584576163,0.14178967529163886,0.11534206102553841,0.5972592816829737,0.3291727570666428,0.21502409879078488,0.15955412602179686,0.12220686080807153,0.7515564750442414,0.4111829862346632,0.2639151095518501,0.18913957669432704,0.13165248045933264
asian,105,1.0,0.02,4.013454229266008,0.5496769411052299,0.3136160411687835,0.21778439287333123,0.17456532881305156,0.1483510632630897,0.5091815295770244,0.28858140939264837,0.1982975163247606,0.15716618697753798,0.13196521786265908,0.5527356495032647,0.31005646777611284,0.20941895897016757,0.16273617171691426,0.1335503063786765,0.637415477215743,0.35289665725060104,0.23258025820699546,0.17486527512376684,0.13691051565158033,0.7528784284970473,0.41198786016574585,0.2645516689961335,0.18976801389355907,0.13250299144594269
asian,105,0.75,0.02,3.2255297702240453,0.5070359573720382,0.2892029325445659,0.2007409096077792,0.16082882696201176,0.13661131616050756,0.44075508387793105,0.2494436945998333,0.17101623271189198,0.13521437843131787,0.11323653137739417,0.48129042808447825,0.2688609702682738,0.18030963156466787,0.13893888233071702,0.11286075504376374,0.5765688928371007,0.3168993849079218,0.20585856892808505,0.15142939812041875,0.11413139182481592,0.718341183072595,0.39085779793903386,0.24761693921520425,0.17246529713090158,0.10286540617930463
asian,110,1.0,0.02,3.9912392679587683,0.6601006433166021,0.3768835003622411,0.26200417850633845,0.2102467787975616,0.17888329879769196,0.6655151210292262,0.37816075257663523,0.2609164631636422,0.2077017257742701,0.17521548811029,0.6895254659796453,0.3889138963764046,0.26510090465439434,0.2081926767495709,0.17297357070626973,0.7428139215169199,0.4147465199710185,0.27769674306640746,0.21330544787383415,0.17229189996101263,0.828945581888497,0.457889886131357,0.3000722463140135,0.22320683479602327,0.1708442108910185
asian,100,1.0,0.02,6.182667219039765,0.5473193634929753,0.3122659736128792,0.21684156006450775,0.1738051917881763,0.14770142145278636,0.5120033089630068,0.29019647761501066,0.19942454235781237,0.1580740524751323,0.1327407122155476,0.5405242350037883,0.30301583346422845,0.2044452389358123,0.15867222853036467,0.13002040230686113,0.6102838454424503,0.3368803245259001,0.22074890816393838,0.1645786424254067,0.12709376476857512,0.7281560268144384,0.39688595757793,0.25249929049348235,0.17759550639700375,0.11371955878128368
asian,115,1.0,0.02,1.01598036609234,0.4352955573103767,0.24815606942399446,0.17211306688966432,0.13777987713025064,0.11693387023384531,0.4657866405014705,0.26375473768322405,0.18098492076787673,0.14322971932847725,0.12006977503037271,0.5539980006144232,0.3107842807514834,0.20993308205931444,0.16315621021680218,0.13391508281416278,0.6381354787654099,0.35332103152330235,0.23289268694371412,0.17513537297595586,0.13716545762867977,0.7306931769217226,0.3984410001163338,0.2537515998129379,0.17889045457440916,0.11604654506591858
asian,110,0.75,0.02,1.2798793735077199,0.36891731592416355,0.2102111703333042,0.14568449445506004,0.11653174759107503,0.0988196011601562,0.37946148996245305,0.21443811663515136,0.14667200140711922,0.11567427462937327,0.096609051518247,0.46891927015451534,0.26172691762964234,0.17526645221966547,0.134812389271135,0.10926741961804126,0.5968778853660283,0.328946853461649,0.21485596463901988,0.159406024658041,0.12206172845734674,0.73546318157303,0.4013612106857727,0.25609587902357184,0.18129397761534344,0.12009013459725539
asian,100,1.0,0.02,6.507462790692473,0.5266135603305947,0.3004102592998542,0.2085634873081046,0.167132553527857,0.1419979694648664,0.525685038516883,0.29802843600353457,0.20489101017556596,0.1624785717485828,0.1365039404931575,0.5693666613212828,0.31964498710971034,0.21619186113786157,0.16826902484781772,0.1383543158755076,0.6415223915011927,0.35531688009373436,0.23436137896405118,0.17640411064250935,0.13836132729440295,0.744663775378886,0.40698192873361155,0.26058250014471107,0.18582523116772842,0.1270069250852331
asian,85,1.0,0.02,17.744568088180166,0.5331258199934229,0.3041387834214692,0.21116656307969447,0.169230500325372,0.14379086785596473,0.5853825776473561,0.33222126860619466,0.22877785619020954,0.18174327921759556,0.1529801775128263,0.6536041213866658,0.36820731946184354,0.2504835462331004,0.19626546179198526,0.16263785316513665,0.7314511585278145,0.40810076137941853,0.27288106899550907,0.20924417900129863,0.1686162908449619,0.8174088181754753,0.45097247905034027,0.2948006640648711,0.21839787475492176,0.1658262951658019
asian,95,1.0,0.02,9.65861309628128,0.5322672604455986,0.3036472118587049,0.21082335407813396,0.1689538729989166,0.14355443264533727,0.5275361045739257,0.29908819701772527,0.20563083894705456,0.16307481738575427,0.13701347857082816,0.5778375631245507,0.3245287197765343,0.21964121276141607,0.17108635384865256,0.14079979310359386,0.6668331950201108,0.3702114076933004,0.24528938770946943,0.1857988780198186,0.14713964194376103,0.775764970259847,0.4258779740414474,0.2754513970639776,0.20033299041195332,0.14577236421587209
asian,95,1.0,0.02,9.140933979877978,0.5382350362997149,0.307064034116432,0.21320913383775264,0.17087691147262082,0.14519815183521398,0.5158581742136883,0.29240296889354545,0.20096440941254726,0.15931460099945266,0.13380048727806168,0.538723831257048,0.30197777380420765,0.20371188158552772,0.15807294893302665,0.12949977334670199,0.6107337450421242,0.33714632869566774,0.22094609316065614,0.1647511075943714,0.12726029499139,0.7213438448873233,0.39270432589336396,0.24911735633717513,0.1740566288404373,0.1066005125268725
asian,95,1.0,0.02,9.932032023062344,0.613467987088885,0.3501575478409692,0.24331637572579629,0.19516030671368398,0.16596810732802786,0.619838951348886,0.35196970109438086,0.24258766245134702,0.19289281283319756,0.16252634257296952,0.6357150472591884,0.3578949264688009,0.24320286672576846,0.19032337559753512,0.15748674693120787,0.6628196847792438,0.36785190019800024,0.24356181788539202,0.18431863280526914,0.1457646310208105,0.7247918056159068,0.3948220234539481,0.25083274566467867,0.1758595100910711,0.11039047102239621
asian,115,1.0,0.02,1.6405019903982987,0.513775526037322,0.29306077228103694,0.2034332682293051,0.16299823778584,0.1384649397733627,0.5492962241849593,0.3115486418624599,0.21433206256732573,0.1700892847656735,0.14301004800991637,0.6000926678763346,0.3373591056515855,0.22870235251784063,0.1784858136395983,0.14722051257316673,0.6668324263512904,0.3702109558782316,0.24528905702338433,0.18579859484020117,0.1471393791632136,0.7670775356829121,0.4206146252585058,0.27133962379277105,0.19638796139058126,0.14100954301111876
asian,120,1.0,0.02,1.0926991028652953,0.5616150445705095,0.320452734907836,0.22255945132126587,0.1784155460950707,0.15164334892136616,0.5427706768864219,0.3078114064374835,0.2117218932150227,0.16798458832136867,0.14121048970042696,0.5642897348670884,0.31671794647619445,0.21412441478584499,0.16658024322240278,0.13688820359443835,0.6268168723488607,0.3466459857380145,0.22797240662859206,0.17087298145222088,0.13312671195251297,0.7357655792926922,0.40154619404922776,0.25624406210943007,0.18144509361015737,0.12033415459134049
asian,120,1.0,0.02,1.2375949091686853,0.5701311633205115,0.3253305147466901,0.22596672746816931,0.18116334722694533,0.15399328468034182,0.5873917707620984,0.33337258364128025,0.2295827040125085,0.18239285729400392,0.15353620904717555,0.6122934363077431,0.3443928149161394,0.23366922712117233,0.1825410351557715,0.150738158068331,0.654670264968591,0.3630583340722777,0.24004807740957848,0.18130243664688508,0.14295428325621334,0.7153326410705676,0.3890060301943434,0.24610820482811988,0.1708505598440237,0.0985216891823365
asian,100,1.0,0.02,7.0845480341815925,0.6049061152906229,0.34525179385365595,0.2398872237109651,0.19239311042410884,0.163599888178717,0.5984475862363657,0.3397082980557738,0.23401239633061022,0.18596847680538073,0.1565966883814269,0.6206371746772469,0.3492028769319346,0.23706567391353672,0.18531377361752943,0.1531428886547241,0.6635140746312173,0.36826018505571634,0.2438608446778628,0.1845749740509126,0.14600295090812163,0.7300648947375817,0.3980560377410579,0.2534418411174501,0.17857088909269356,0.11548316714487519
asian,110,0.75,0.02,2.5876358278119627,0.5179089474099345,0.29542695185246093,0.20508481762168226,0.16432905962052446,0.13960208433910354,0.5240796563157645,0.29710935869316535,0.20424942225504528,0.16196153435986074,0.13606210595190246,0.5665947342677427,0.31804686963558987,0.21506307740393218,0.16734699882212142,0.1375538826279971,0.6289916761916037,0.34792919480432843,0.22891930511607259,0.17169476648749138,0.13390805037756837,0.7202670811970798,0.39204248440614115,0.24858008139079416,0.1734884793001172,0.10531601701357822
asian,85,1.0,0.02,16.991322706439234,0.592305032281166,0.3380323262841135,0.23484165931900783,0.1883222030986352,0.16011685170385204,0.5491347946904191,0.311456184151125,0.21426748396054757,0.17003720829109084,0.1429655175820358,0.5719281259241348,0.3211217576780211,0.2172349160749138,0.16912099445416826,0.13909388571965806,0.6314389270908415,0.3493727883236265,0.22998395978565553,0.17261787735371095,0.1347841627339383,0.7199106279143053,0.3918233338380668,0.24840205250689798,0.17329984962792502,0.10487818995014934
asian,105,1.0,0.02,2.9565837431972035,0.4053185623292919,0.23101563079374846,0.16016998768834262,0.12817403790348286,0.10874163483548163,0.3922587753751115,0.22174209867492753,0.1517463029180125,0.11974283858119483,0.10006710222443543,0.4779970098559876,0.26696178760067574,0.17896700616750666,0.137840536196371,0.11190451846867326,0.6014175347827835,0.3316349479192866,0.21685533844927357,0.1611651392856581,0.12378171727776714,0.7499045549504191,0.4101768846820996,0.26311850223402444,0.18835115407811256,0.13057263643377962
asian,105,1.0,0.02,4.96444322174236,0.5905512530813437,0.3370276092263893,0.23413955631366226,0.18775576962464435,0.1596322121244383,0.5996766494226488,0.3404126799935604,0.23450495997669898,0.18636610154239863,0.1569371170308754,0.6309324459460905,0.3551378873902716,0.24125625581690271,0.1887344957382963,0.15610913343727315,0.6964746078353525,0.38761344176155693,0.25799426920056096,0.19663629280017936,0.15712993742134207,0.7803109076376933,0.4286279251122363,0.27759151185626735,0.20236953496563279,0.14816172492593466
asian,80,1.0,0.02,21.516933311070627,0.5741055094185852,0.3276067749467708,0.22755698978183922,0.1824460970953909,0.1550902305006828,0.572993788837845,0.3251228723065762,0.22381635511355988,0.17773956977467653,0.14955392803936068,0.6173658123939844,0.34731698459842253,0.23573403917476723,0.18422670267664054,0.15220013912695832,0.6710942872558074,0.3727155762383872,0.24712150486533427,0.18736684956741703,0.14859314480288932,0.7504533193482701,0.41051116005745364,0.2633832774227195,0.1886134546793597,0.13093352393572102
asian,95,1.0,0.02,9.73136031136143,0.4843044007060317,0.27619317125790466,0.19166319783977892,0.15351685616850805,0.13036603262525862,0.5244824076394886,0.2973399305195161,0.20441037696670275,0.16209124101189057,0.13617294493328902,0.5919332389363109,0.3326551368023421,0.22538043535109906,0.1757733148586696,0.14486713870260903,0.6648126630314518,0.3690236577009249,0.2444199070979544,0.18505409108491744,0.1464481556352795,0.7587551609513533,0.41556190124721915,0.2673717735908276,0.19253579544824484,0.13615189193101615
asian,105,1.0,0.02,4.486648302562091,0.5022714603562273,0.2864758304829139,0.19883756274460235,0.15929546789720506,0.1353016938661873,0.5417384621162847,0.3072203009279812,0.21130907669537657,0.16765174503008087,0.1409259327394115,0.6006589050191676,0.3376855429584405,0.22893287483551586,0.178674036393292,0.14738380148877134,0.6782454738362309,0.3769162084008401,0.250191749641872,0.1899903490796803,0.1510186043968114,0.7706696560878747,0.42279226040649925,0.2730433748395972,0.19802815770391163,0.1430128795348509
asian,100,1.0,0.02,4.935567990623697,0.4876915897553867,0.2781315184924657,0.19301534073911508,0.1546059030480696,0.13129606526052226,0.40045429966045976,0.22642127088943775,0.15499839131921106,0.12235157798372309,0.1022856386288943,0.4298602238814451,0.2392008194076605,0.1593369695860078,0.12176890007033891,0.09789371323931545,0.5658583426831904,0.31053021512665546,0.20107410443180182,0.14714158236249628,0.10975820113121755,0.7372041669873741,0.40242597645082584,0.25694831638827065,0.182161338167429,0.12147738922326493
asian,115,1.0,0.02,2.1487435303784688,0.6341642913631208,0.3620176273496531,0.251607957285382,0.20185285007478287,0.17169645985185536,0.5852674971582256,0.33215532568527595,0.2287317586119607,0.18170607554846122,0.15294833200780175,0.5854129012362266,0.32889606753398415,0.22272568329489473,0.17360552580407643,0.14298597172838212,0.6396380297768304,0.35420654427809917,0.233544448345343,0.17569859495470896,0.13769666983380588,0.7265589846238969,0.3959064629131212,0.2517090255041898,0.17677416192836393,0.11217802591926652
asian,80,1.0,0.02,21.479578748155866,0.4050061377116361,0.23083702528294875,0.16004558274951744,0.12807399449727594,0.10865635187838886,0.4173441073005868,0.23606679193159102,0.16170633129492173,0.12773552890257087,0.10686674744802875,0.4837385786955193,0.270272708684546,0.1813076258141394,0.1397552439448698,0.1135714017709661,0.577186553769326,0.3172663461105421,0.20613359384408866,0.1516748189891586,0.1143790870416664,0.7139043004898799,0.38812619236252094,0.24538945564542805,0.17007626543208856,0.09615121705061294
asian,110,1.0,0.02,1.9990685358590716,0.43234316247074667,0.2464677228240256,0.17093627021202865,0.13683321043296787,0.11612617935109676,0.4626426325994144,0.2619568043013188,0.17973204500410425,0.14222192228476613,0.1192102739894204,0.5331392283890574,0.2987578300491796,0.20143702182929582,0.1562138838979114,0.127884524304012,0.6337614022292735,0.3507424234229181,0.2309934995504943,0.17349236927019152,0.1356126482681105,0.7595733204379095,0.4160591045720967,0.26776316214299595,0.1929178899931085,0.13664445071725884
asian,80,1.0,0.02,21.36190127640751,0.537921328047359,0.30688439726155914,0.21308371106225982,0.17077581050029234,0.14511173098983512,0.5373347166819331,0.3046985705502209,0.20954806606835907,0.1662324763320772,0.1397122310223208,0.5627345872055955,0.3158213390410688,0.21349110260184584,0.16606290230367335,0.1364390397453935,0.6126855740577112,0.33830017825770614,0.22180113734582194,0.1654985238824517,0.12798113694434343,0.709208061400983,0.38523004415698525,0.24301615390676007,0.16749359483108542,0.08550629058550456
asian,105,1.0,0.02,4.307423865419982,0.5181809461778298,0.29558266145033923,0.2051935047393847,0.16441664258280628,0.13967692347921065,0.5358313733626939,0.3038377465876766,0.20894696679413885,0.16574788839615237,0.1392980139186515,0.5758877637030845,0.32340460798858206,0.21884727639409338,0.17043791746867043,0.14023698329804052,0.637577946165379,0.3529924204385497,0.23265076448462177,0.17492623487725872,0.136968065919039,0.7349982749041123,0.4010767835689212,0.2558679627166135,0.18106135834013348,0.11971235811995445
asian,120,1.0,0.02,1.9660388514331653,0.6737655731414709,0.3847169845752476,0.2674837981995748,0.21467189423332372,0.1826733382324773,0.6781620199098847,0.38541481675677425,0.26599532286135646,0.21180729653617217,0.17873527476544485,0.6913196860975535,0.3899481355817906,0.265830946855246,0.20878827850896262,0.17348957799108217,0.7259823709435466,0.4049004068199141,0.2705599344146757,0.2072838702266985,0.1668386697357599,0.7995105093919997,0.44021261424313496,0.2865509211575931,0.21078440914558946,0.1576487071398155
asian,105,1.0,0.02,4.43963203675426,0.5178701786333226,0.29540475814743067,0.20506932620187956,0.164316576252052,0.13959141739974842,0.5443716118958448,0.30872821259527444,0.21236219304960555,0.16850086124507357,0.14165188262740686,0.5865615013562754,0.3295582553294102,0.22319334523131376,0.17398707783776798,0.14331738771775668,0.6438982909046934,0.35671654590009716,0.23539070558850753,0.17729237458523386,0.13919697299316583,0.7119733045294556,0.38693598207008095,0.24441549835443901,0.1690212477122533,0.09247017044786715
asian,100,1.0,0.02,6.749289226023468,0.5434624985046478,0.3100573969695906,0.21529926281821368,0.17256181336780585,0.14663846164320365,0.5591456509016491,0.31718969752219334,0.21827300508730205,0.17326764819413998,0.1457280936314385,0.5908475635083963,0.3320292321774976,0.22493841267293924,0.17541236355374404,0.1445539473537569,0.6498930555207768,0.36024665699006203,0.23798447137072465,0.17952742358000007,0.14129405356927913,0.7316867153457253,0.3990496065756671,0.254240964170489,0.17939434628716602,0.11692159963894008
asian,105,1.0,0.02,4.376329464731703,0.5567647743441654,0.3176750685701914,0.22061908106310854,0.17685088071367058,0.15030560595917175,0.5475576066097505,0.31055286944529037,0.21363656352953755,0.16952844155406474,0.14253048326057413,0.5733481704858254,0.32194045805786764,0.21781316299421297,0.16959329539829573,0.13950385767988055,0.6170086568123173,0.34085483645941894,0.2236926003793985,0.16714957042597506,0.12956858625584056,0.724607594262816,0.3947089446934853,0.25074129003881984,0.17576380769162572,0.11019870447691767
asian,100,1.0,0.02,7.041477290694448,0.5674501905373835,0.32379501013287143,0.2248940142468736,0.18029822061464262,0.15325343948934883,0.5748775547836817,0.32620213737681636,0.22457063287395018,0.17834816762074238,0.15007465055607033,0.6168094759459485,0.34699626383607707,0.23550757488418708,0.18404182648933778,0.15203980215145155,0.6950705211841403,0.38679001070249946,0.2573944379483185,0.196126387993321,0.1566625916995296,0.8058884944423466,0.4440507826695781,0.2895011654872473,0.21352038480583635,0.16062478470462746
asian,90,1.0,0.02,13.70947318338652,0.6620345814155538,0.3779920780871557,0.262779593332633,0.2108725617516391,0.17941953534567814,0.6208083210189744,0.35252540335019816,0.2429764026312096,0.19320676748351953,0.16279503456240327,0.6434592287420955,0.36235919454305954,0.24635477205194556,0.19289590209579988,0.15971699979190504,0.7122493116280617,0.39685904167265706,0.2647207886845168,0.20234425993390945,0.16234560958580518,0.8110734494043127,0.4471678307457379,0.2918909087487346,0.21572550695853734,0.16299154097064308
asian,90,1.0,0.02,12.701828691590082,0.4064788430810939,0.23167894165688768,0.16063199636904646,0.12854558500626598,0.10905837710448539,0.43829540956913493,0.24803800558161454,0.17003745868824144,0.13442778837636546,0.11256630977164751,0.5142872224457311,0.2878879201022259,0.19375673246475195,0.14993606178783467,0.12242799729655704,0.5999059939228838,0.3307400941704734,0.21619007019423633,0.1605803038228398,0.12321055656830815,0.7187171153136112,0.39108904872198474,0.2478050903025655,0.1726654993094637,0.10336076568192709
asian,80,1.0,0.02,21.605668858865425,0.6418771566604068,0.366438049228178,0.25469907128145625,0.20434817904065194,0.173832565345807,0.6346906834589744,0.3604843276342749,0.24854476168837467,0.19770454528945855,0.16664798221801375,0.6479222564951789,0.36493196187528754,0.24817116891956936,0.19437832991947887,0.16100207357233678,0.6910394017494993,0.38442548186177433,0.25567129028971464,0.1946606678629497,0.15531784088042178,0.7642330286163247,0.4188888504481444,0.2699867413979817,0.1950797569847022,0.139385465006643
asian,90,1.0,0.02,13.298572926678737,0.5017589581425025,0.286182493212706,0.19863287363755702,0.15913053393639004,0.13516082582579705,0.5188230301498351,0.29410012601144175,0.20214892744142676,0.16026896755253486,0.13461586441086612,0.5853646679503115,0.32886826018220855,0.22270604462330873,0.1735894820569556,0.14297205419947365,0.6678513130180536,0.370809820096131,0.2457273290154058,0.18617385011564508,0.1474875146633214,0.7593341341214762,0.41591375978931316,0.2676487713408166,0.19280626523324593,0.1365008224906516
asian,105,1.0,0.02,3.144531364661437,0.41561165883425805,0.2369001647891034,0.16426965466953009,0.1314707181102139,0.11155256545290591,0.4052499713337175,0.2291593147065232,0.1569022333009254,0.12387926668247884,0.10358521707980006,0.4927489178224954,0.2754684791157212,0.18497991584190382,0.14275919732373005,0.11618572336940206,0.6128343323215845,0.33838810716086953,0.22186627681258173,0.16555543516225874,0.1280359685606074,0.7573184497724877,0.41468903871701307,0.26668376873105615,0.1918629522875673,0.13527853170430781
asian,100,1.0,0.02,6.823643475261001,0.6182897968705544,0.35292032077908947,0.2452475815822984,0.19671909924994258,0.167302163018237,0.5715838442698707,0.32431509120285584,0.22325183302429125,0.17728409529474595,0.14916423713725263,0.5974534021908667,0.3358375574150897,0.22762786102202248,0.17760846948886702,0.1464593666380698,0.6729660354416912,0.3738152859667141,0.24792564734316466,0.18805446967345635,0.149229629429902,0.790924934074088,0.4350379121627032,0.28255971213009995,0.20705634579623852,0.15351430372708955
asian,85,0.75,0.02,16.90436000107326,0.5239034255649894,0.2988586831263214,0.20748033058207938,0.1662597026862705,0.14125162841571096,0.3904590545955929,0.22071475774507804,0.15103240559209727,0.11917031383889717,0.0995803242843588,0.43950113230933213,0.2447612280838675,0.1632698902471778,0.12499077045615588,0.10070560178023702,0.5635047684222387,0.30912898277079975,0.20001877976181986,0.14619085083201014,0.10877569780103184,0.7099193985082206,0.38566905132666046,0.2433766629345532,0.16788872125246454,0.08758598297049187
asian,90,1.0,0.02,13.347312051879907,0.5756764652763809,0.32850684500543215,0.2281858259344377,0.18295322265300654,0.15552403623276778,0.5160922087062539,0.29253693291833,0.20105790527254847,0.15938992768091007,0.13386484117415437,0.5719138570321415,0.32111353120150987,0.21722910569827958,0.16911624860568453,0.13908976610792875,0.6713859934731574,0.37288697390413283,0.24724685351287576,0.18747405804081524,0.14869241755497498,0.7800318425183813,0.42845919292018747,0.277460353496268,0.2022450461195738,0.14801682733890117
asian,95,1.0,0.02,10.010022318288867,0.509032649023878,0.2903458416569001,0.20153848519189654,0.1614714839568152,0.13716043546316953,0.5708847950210713,0.32391459969045877,0.2229719540365866,0.17705828532085868,0.14897104632543318,0.6239879172063334,0.35113452082842717,0.23842959015514323,0.1864271602249035,0.15410840598486603,0.6880699674029375,0.38268325448372476,0.25440096835526965,0.19357924378667835,0.15432433315685573,0.7695038159372041,0.42208570583578037,0.272490980539747,0.19749723824786325,0.14236828186286346
asian,115,1.0,0.02,1.4346381437965006,0.46713375039175997,0.2663681023301532,0.18481023899579604,0.14799891891565253,0.12565470759392752,0.5304399050831716,0.3007507280087878,0.206791536866327,0.1640103801783794,0.13781298476780138,0.5958373000321486,0.33490586405000694,0.22696990676457557,0.17707122344407536,0.14599325591912957,0.6686277148284903,0.37126612561125466,0.2460612172331487,0.18645965766199707,0.1477525495300286,0.7587575216082881,0.4155633359945193,0.26737290329786084,0.19253689902227408,0.1361533183075326
asian,95,1.0,0.02,9.902437976065723,0.5908633308448079,0.3372063928006265,0.23426449027537932,0.18785656130649706,0.15971845033616683,0.6057708273254055,0.34390545519460586,0.23694757599365404,0.18833806849436502,0.15862553978174374,0.6304414185162798,0.3548548223684353,0.24105639476816895,0.1885713593210417,0.15596768264110028,0.6704114875316096,0.3723143676036326,0.24682806295617962,0.18711584019134775,0.14836066162390346,0.7488584492547092,0.4095395176491547,0.2626133633409257,0.1878500540219002,0.12987849694444717
asian,80,1.0,0.02,21.665513719712923,0.5648148859083237,0.32228572361369123,0.22383962850137273,0.1794479133147068,0.15252635440568876,0.5756308319182655,0.32663371963623444,0.22487226627518472,0.1785915512149642,0.15028289947559312,0.6114943325713548,0.34393213812915446,0.23334392923866687,0.18227546091648852,0.15050781335089425,0.6721302428868078,0.37332425323782836,0.24756662107479585,0.1877475106982891,0.14894556689426636,0.7634283289595116,0.41840041295639574,0.2696034053004383,0.19470811719571868,0.13891952171283953
asian,90,1.0,0.02,12.608946295910352,0.6131202880399116,0.34995828041754545,0.24317707772663297,0.19504791236143607,0.16587192225599037,0.48706486352552325,0.2759255913006921,0.18946937077432924,0.15005720621757948,0.12589501630159808,0.47730426437305,0.2665623065408944,0.178684586853763,0.1376094894804792,0.11170334776092976,0.584025850784898,0.32132724262446805,0.20917291449076347,0.15437989159385088,0.11709252106591045,0.7521672754709059,0.41155490960098434,0.2642093297046373,0.18943021613849317,0.1320469177313473
asian,90,0.75,0.02,13.329586457226892,0.45884846811368885,0.26162827624425417,0.18150469494272725,0.14533804719068127,0.12338337095098323,0.5094175341262914,0.2887164854439155,0.19839177182926526,0.15724211068433833,0.13203006904106473,0.5769356514848921,0.32400874397605123,0.2192739661167245,0.17078641232271569,0.1405394621221406,0.6636546306436053,0.3683428256437577,0.24392136574989084,0.18462684946506613,0.14605116891268238,0.7616574330765141,0.4173251614881859,0.26875883546287566,0.19388777769416013,0.13788347178241953
asian,95,0.75,0.02,9.291428688261888,0.4641778832289616,0.26467735331200987,0.1836308977379492,0.14704949670046358,0.12484423160124399,0.47542232117617816,0.26926546518228955,0.18482581219969257,0.1463199295500593,0.12270589600905378,0.5364132602353475,0.30064556066324644,0.20277069821831473,0.1573038140279069,0.12883154206171066,0.6279777659736117,0.34733099158149255,0.22847794472935545,0.1713118148207418,0.13354411248438486,0.732766744962701,0.39971097849056003,0.2547722803159618,0.17994011307093513,0.11785210873121893
asian,85,1.0,0.02,17.05215046156761,0.5960287207909671,0.3401656268196232,0.23633249278290455,0.18952500219555568,0.16114595524569716,0.5967531357784555,0.3387372200792665,0.23333339089919783,0.18542033423296833,0.15612740497347768,0.6143183056509467,0.34556013292567356,0.23449349947542064,0.18321396378260654,0.1513218053086861,0.6528106715358858,0.3619640013438882,0.23924513694198585,0.1806121139716153,0.14230914185077118,0.727006548175674,0.3961810130335643,0.2519306502328907,0.17700483563664998,0.11261627692563767
asian,95,0.75,0.02,10.09867983363973,0.6565481653416654,0.37484720860090315,0.26057988830774814,0.20909649114922466,0.1778984024414739,0.6128582293403282,0.34796811759895335,0.23978905767261366,0.19063238124075635,0.16059020585567294,0.6341210724291235,0.3569760456778302,0.24255409492886545,0.1897938373313147,0.15702763055978888,0.6913906857473813,0.3846315618756391,0.25582151255054997,0.19478850206680154,0.15543520668522587,0.7910618594689491,0.4351205092514475,0.28262355357105695,0.20711622394153778,0.15358150504587323
asian,85,0.75,0.02,17.123933226032452,0.5486664903180222,0.31303740342069686,0.21738029048815857,0.17423952711111876,0.14807288819352327,0.5372850321610335,0.30467012054848663,0.20952819954208848,0.16621646027985465,0.13969854048063043,0.5647549479090024,0.31698616064670415,0.21431386458627025,0.16673499907063555,0.13702256189512277,0.6220854723105229,0.34385320810792547,0.22590981356916034,0.16908030662362167,0.131417530553102,0.7346787338495996,0.40088126670149477,0.2557112404600921,0.18090132336473033,0.11945082312650808
asian,120,1.0,0.02,1.0387598429549023,0.5545669849387665,0.31641641868031983,0.21974033728677128,0.17614240335828737,0.14969950924360603,0.5615824928124183,0.3185855837910769,0.21924825807713635,0.17405429999545466,0.146400882721878,0.6171308519237506,0.34718153296256565,0.23563839543796816,0.18414862316925276,0.15213242355220097,0.6741915122292821,0.3745351990355824,0.24845192934912114,0.18850430282364444,0.14964570973303343,0.7415917711846061,0.40510691287371275,0.2590891160238919,0.18432662817106701,0.12480290492225996
asian,115,1.0,0.02,2.1855420634383846,0.5987186493824731,0.341706733945938,0.23740952824242356,0.190393989814334,0.16188947252010094,0.6000603800892347,0.3406326002878381,0.23465875014417598,0.18649025094744845,0.1570434097571547,0.6142709121592612,0.3455328110696574,0.23447420693563154,0.18319821368726538,0.1513081451091472,0.6547146423575655,0.3630844469379693,0.24006723347789652,0.18131890092815872,0.14296966139594539,0.7271151011898411,0.3962475969607009,0.25198438510726173,0.177060725181478,0.11272189587727241
asian,80,1.0,0.02,21.531916624904486,0.5428366871171217,0.3096990408523955,0.21504902575875048,0.17236008318408352,0.1464660096571676,0.5375720217516957,0.3048344548232833,0.20964295386621168,0.16630897349397666,0.13977762118040934,0.5659686631307121,0.31768591550080727,0.21480812498208518,0.16713874087508052,0.13737308161937464,0.6306368611959752,0.34889970531592157,0.22963512814952916,0.17231552244231355,0.13449738108755432,0.7329266295739909,0.39980886715815156,0.25485087788575894,0.1800207329927502,0.11798811274985493
asian,90,1.0,0.02,13.616776852143685,0.557984626943597,0.3183736765567205,0.22110708376194324,0.17724438567810352,0.15064203754298602,0.5275685739621065,0.2991067864816711,0.20564381673108983,0.16308527761174196,0.13702241715463945,0.581328110433485,0.3265411039987533,0.22106249203662837,0.1722472530657509,0.14180722228643938,0.6968821510696166,0.38785243125996954,0.25816833873276834,0.19678423588163577,0.15726548739353682,0.8360049859601348,0.4621166794980075,0.3032817806681059,0.2261158285982055,0.17383415710664973
asian,85,1.0,0.02,17.34828304700543,0.663931375245215,0.3790793861315309,0.2635401449750422,0.2114868209832133,0.1799454198576248,0.6341190780916232,0.36015659410560935,0.24831544103928804,0.1975192905842324,0.16648926636022723,0.6369802707642737,0.35862429000693113,0.2437178270624203,0.19074368913736314,0.15785115597645386,0.6783978172474499,0.3770056689362993,0.2502570959772972,0.19004613309339083,0.1510700925526248,0.7690137470877282,0.4217886415763634,0.27225861630458786,0.19727366043102595,0.14209577357030514
asian,105,1.0,0.02,4.829276345299639,0.5683245933662804,0.32429581219243203,0.22524387520867828,0.1805803741280179,0.1534947262182256,0.5851967759293555,0.33211480136373384,0.22870343003008017,0.18168321263209353,0.1529287618866853,0.6235551954169564,0.3508850649220476,0.2382534529441687,0.18628337869642708,0.1539837231780513,0.697974930443162,0.3884932193002458,0.2586350255634806,0.1971807970554048,0.1576287297782484,0.8034931908244122,0.4426100690476779,0.2883947591777127,0.2124961441507892,0.15951594960831247
asian,105,1.0,0.02,5.192749056589255,0.6730459269743567,0.3843044213080796,0.26719518364467904,0.21443878957840534,0.182473693749504,0.6356078804117413,0.36101021272430506,0.24891273695008417,0.19800181505939338,0.16690266992262295,0.6452261869318087,0.3633777813157871,0.24707390803868506,0.19348282225408356,0.16022579399699233,0.7159317007928321,0.39901590772574785,0.2662880067305056,0.20367094598269433,0.1635544626772907,0.8204374211817531,0.45278977624658356,0.2961878507893944,0.21966726124078553,0.16716065167184055
asian,115,1.0,0.02,1.3221712575114306,0.4726010062315935,0.26949639538275444,0.18699186931559464,0.149755364143466,0.12715422515964916,0.5077386925209928,0.28775562085133227,0.19772129719987255,0.1567020488177618,0.13156877838090797,0.5623972485097142,0.3156268488600605,0.21335372495286006,0.16595067958698903,0.13634160392202546,0.6359833341706913,0.3520524465475153,0.2319585902565975,0.17432761938667468,0.13640264784134568,0.7224667346477222,0.39339426126338767,0.24967684025959827,0.17464648770176763,0.10788470373757768
asian,100,1.0,0.02,6.34786128368921,0.5474543212128702,0.31234325637742033,0.21689553025308922,0.17384870321401968,0.14773862045628477,0.49926455240714973,0.28290598809301865,0.1943377558242273,0.1539770654235819,0.129241602804683,0.5551925810231141,0.31147301854109966,0.2104195982317443,0.16355368669632872,0.13426025470900674,0.6380696713053279,0.35328224543610537,0.23286413432531827,0.17511069195769557,0.13714216679760313,0.737051573484327,0.4023326746164778,0.25687366888469826,0.18208547756301588,0.12135746511358811
asian,100,1.0,0.02,6.5491367798345514,0.540440927609948,0.3083271746935246,0.21409109408595306,0.1715878610304026,0.1458058805971602,0.5404882782848645,0.3065043865561167,0.21080910994838642,0.167248645366099,0.14058132321593117,0.5730680783533337,0.3217789763035311,0.21769910909442555,0.16950013906719094,0.13942299612164663,0.6415624193829711,0.3553404636938956,0.23437872695295559,0.17641908744854065,0.13837542770265382,0.7344670695021128,0.4007517455160425,0.2556073958952752,0.18079522121109612,0.11927672173406066
asian,105,1.0,0.02,4.154901058717465,0.46838420399810743,0.2670836041312482,0.1853091816752688,0.14840060563789179,0.1259976225167221,0.5104807544309969,0.28932502132913207,0.19881641285587448,0.157584169781392,0.13232224870987294,0.5678469902632584,0.3187688421478413,0.21557302431903516,0.16776354376250094,0.1379155018607657,0.6413999079864495,0.35524471474470126,0.23430829351874707,0.17635827975707652,0.13831817597360785,0.7370078860890462,0.402305961583969,0.2568522950170234,0.182063751588212,0.121323073700116
asian,85,1.0,0.02,16.888906353023238,0.4641015029188384,0.2646336525000075,0.18360042471679466,0.14702496525853645,0.12482329092476831,0.40296547870318694,0.22785473771478287,0.15599523473565888,0.12315142348266629,0.10296601701128637,0.48407424635182816,0.2704662723325323,0.18144445878514204,0.13986716996023027,0.11366882803007737,0.5931646708710335,0.32674685765528694,0.2132174852068232,0.15796106710733585,0.1206419294040727,0.7122541944949172,0.3871091713590064,0.24455732946066863,0.16917530137078723,0.09304857746825701
asian,95,0.75,0.02,9.333176584725257,0.39228861669893017,0.22356737007811847,0.15498272042992708,0.12400385396983765,0.10518666118196288,0.4763013046901756,0.26976823766243496,0.18517629489748438,0.14660196073819054,0.12294655181185574,0.5432061240787088,0.30456212392553395,0.20553762629620667,0.15956486575764864,0.13079583928581187,0.6266012069968315,0.3465187187669005,0.2278784670532289,0.1707914136240786,0.13304908566663562,0.7197516122845182,0.3917252535628661,0.248322355826659,0.17321534764834923,0.10468009615300423
asian,100,1.0,0.02,6.767691217870339,0.5560425929071908,0.3172614801727421,0.22033017012432946,0.17661791683697373,0.15010644083876168,0.5572442082974839,0.3161005329993072,0.21751208700173771,0.17265391246356668,0.14520323226473184,0.5924823981408539,0.3329717330750298,0.22560401899736565,0.1759558892739076,0.14502555283304852,0.6479058838624614,0.3590767088169814,0.23712520677209162,0.17878750120567294,0.14060066690759093,0.7248618337917614,0.3948650086745157,0.25086750705575955,0.17589587352617628,0.11046308858903231
asian,90,1.0,0.02,12.914697095002163,0.4749521956548517,0.2708416903222442,0.18793019295946964,0.15051086777604636,0.1277992670390667,0.4931026459999691,0.2793800823469236,0.19187872702495196,0.1519967253822788,0.12755073361505112,0.5394956111868766,0.3024227598383542,0.2040262518827679,0.1583298458764047,0.12972295787754268,0.6239007121073485,0.34492485831648595,0.22670156546760498,0.1697688783213814,0.13207481759185888,0.741676828599786,0.4051588507023919,0.2591305153432721,0.18436830929832412,0.12486520851493361
asian,120,1.0,0.02,1.07873760766487,0.5532321010944687,0.31565195862082757,0.21920627844597854,0.17571176631860266,0.14933140807108095,0.550049115173977,0.3119798578172041,0.21463325605711928,0.17033217111492166,0.14321774197489934,0.5769825290577766,0.3240357701522549,0.2192930541208989,0.17080200216265098,0.1405529932813731,0.6276776899707583,0.34715393493591007,0.22834728969149834,0.17119841971693822,0.13343629223390244,0.7140226640828622,0.38819911972597443,0.245449072496576,0.1701406228418959,0.09635735955296672
asian,90,1.0,0.02,13.034654831135484,0.6285083444449586,0.3587762410388761,0.2493416039795289,0.20002344125604907,0.17013041449473093,0.6008385367359822,0.3410785740093433,0.23497062247560677,0.18674201792647036,0.1572589667857245,0.605946145653524,0.3407336370991066,0.23108533064383086,0.1804314713596466,0.14890834509735917,0.6429603673642539,0.356164045846064,0.2349844553931503,0.17694188809478653,0.1388674028980846,0.7101614784977939,0.38581842617918444,0.24349926452347037,0.1680223641485064,0.08823713391851087
asian,105,1.0,0.02,4.025372616418783,0.5177692183577921,0.2953469621304016,0.20502898407895107,0.1642840676067911,0.1395636390523871,0.5153288260199885,0.2920999659083732,0.2007529403796291,0.15914422891931057,0.13365493480712354,0.5459078851930932,0.30611986284531734,0.2066380782410725,0.1604640549013415,0.13157690989630055,0.610939680209352,0.33726808330595076,0.22103633974027398,0.1648300278736068,0.12733647459238148,0.710641076872823,0.3861143213123742,0.24374202968191652,0.16828764194403897,0.08945798431965825
asian,115,1.0,0.02,2.4725306341693285,0.6437630125539647,0.36751891949032606,0.2554548800552396,0.20495840868351117,0.17435508162134006,0.6278208189717458,0.3565455903335167,0.2457889089122218,0.19547838603335022,0.16474084901310526,0.6426230923185343,0.3618771915761074,0.2460144693592545,0.192618162086775,0.15947622557211208,0.704173009574619,0.39212674212548576,0.2612799710223614,0.1994265494733898,0.15968308839900885,0.7894486717497594,0.4341472414030509,0.28187101052638264,0.20640985991595234,0.15278699154536265
asian,120,1.0,0.02,1.200849498987707,0.5834789520643007,0.332976172113908,0.23130864152293829,0.18547196554447376,0.15767856794410037,0.5587018133655305,0.31693546069914275,0.2180953856055149,0.17312438276052564,0.14560557108645186,0.5869402107893418,0.32977658755581163,0.22334753893011847,0.1741130437502081,0.14342665675888341,0.6436026045987928,0.3565423723777568,0.23526264562695204,0.17718190524176,0.13909311782175748,0.7380184841447959,0.40292381019203255,0.25734645885797613,0.18256551947225097,0.12211220598153592
asian,90,1.0,0.02,12.706058305830863,0.5060112847841043,0.28861641836149043,0.2003316336143035,0.1604990421247506,0.13633001582357834,0.4816792516163617,0.2728445663209372,0.18732101153203692,0.14832797505804302,0.1244195561984416,0.519533341255829,0.29091283820353125,0.19589416016980996,0.15168339582826745,0.1239470676228512,0.5996283172294481,0.33057568560890005,0.21606780887584384,0.160472771687737,0.12310552402918168,0.7236309725239429,0.3941093264388423,0.25025606851211823,0.17525527683551212,0.10916332114230351
asian,100,0.75,0.02,5.923095304078019,0.47896144970176946,0.27313577653816634,0.189530384142116,0.15179935515765647,0.12889942941990726,0.43097392475735574,0.2438539965999492,0.16712490121277895,0.1320875573490091,0.1105726839414173,0.5148581885722605,0.2882171417362471,0.19398936770544928,0.15012624798474936,0.12259335138370271,0.6314243011005315,0.349364161836901,0.22997759956906969,0.17261236541006567,0.13477893623972287,0.7634243013072101,0.41839796799801443,0.26960148595555233,0.19470625532537128,0.13891718212567977
asian,80,1.0,0.02,21.46805626507352,0.34717745071054107,0.19779122985766748,0.1370424230700574,0.10959013718999536,0.09290804254682718,0.3221118428881234,0.1817425947997194,0.12399721625380486,0.09752802268208456,0.08121582403869441,0.41324918392800913,0.22961977017220395,0.15255878250669155,0.1162135007363671,0.09304071064002023,0.5474165757513226,0.29953445991448974,0.192762071523295,0.13959769308381736,0.10180441629666866,0.7073793527011197,0.3841009014980618,0.24208761169439894,0.16647143928910588,0.07817492388729187
asian,105,1.0,0.02,5.130054180011509,0.5861840345731724,0.3345257698605715,0.23239135024914037,0.1863454202537374,0.15842586441655365,0.5871472173270621,0.3332324471463601,0.22948473722737947,0.18231378858143474,0.15346852635947933,0.6680274380950683,0.37652164402451466,0.2563531304920491,0.20105522683390675,0.16678907656358571,0.7791063533198933,0.4359479562953978,0.293020656243594,0.22618270517561664,0.18388316568738164,0.9138463367076545,0.5084500523225857,0.33802080921094896,0.25691297270504077,0.20407835405039926
asian,115,1.0,0.02,2.303042991016259,0.6093531740837166,0.3477999542244684,0.24166830297275782,0.1938304181052334,0.16483007766142418,0.6186158508128895,0.35126855406204555,0.2420971860582095,0.19249670267389793,0.16218677205635296,0.653422546549966,0.3681026495602357,0.25040965101819496,0.1962051573098882,0.16258558285168762,0.707976069233521,0.3943554583241471,0.26290116434447336,0.20080167812518396,0.16093881358678738,0.7879632327276366,0.43325075585197925,0.2811772924784944,0.2057576549666778,0.15204993114593401
asian,80,1.0,0.02,22.18826438996106,0.6112984619898464,0.3489143247736085,0.24244724520115243,0.19445902389801595,0.165367975849286,0.6117889114771196,0.34735517956812956,0.23936033799053894,0.19028619544599787,0.16029374247312,0.6650848648256266,0.37482541000739716,0.25515568650024795,0.20007812077780882,0.16594229769896207,0.7518853762844453,0.4200494875155397,0.28153480954869564,0.21653699085364733,0.17520924389586473,0.847826773091903,0.46918387783703025,0.30863104343027586,0.23093535272825597,0.1787232583360657
asian,85,1.0,0.02,16.97182712844832,0.5510066764825586,0.3143775265964721,0.21831620050387573,0.1749940991180969,0.14871775250650615,0.5755513829267512,0.32658819996324234,0.2248404522806008,0.17856588077425492,0.1502609346023922,0.6022997262192401,0.3386314792392001,0.22960086842740945,0.1792194501402821,0.14785695443551364,0.6434219637351264,0.35643596364499225,0.23518440528407336,0.17711440650380242,0.13902965070960813,0.7161099234022286,0.38948463773520536,0.24649872945245638,0.1712698132070167,0.099717643024254
asian,110,1.0,0.02,2.8450448041626033,0.524162443545065,0.29900697127053016,0.2075838485107895,0.16634311754992073,0.14132289893541494,0.5519175748335593,0.31305002982715435,0.21538076983239507,0.17093499434221096,0.1437332392220782,0.5898361325839486,0.33144612930542844,0.22452661456490428,0.1750760891578543,0.14426216155364358,0.6652971038019517,0.3693084504177506,0.2446284159726815,0.18523273695370313,0.1466140810697189,0.7738291404585868,0.42470607276820815,0.274537709914788,0.19946047435570846,0.14473464264015481
asian,100,1.0,0.02,7.608265163863338,0.6635130786898218,0.37883960227517005,0.26337241936663336,0.21135135853030557,0.17982945585825824,0.6513656816647484,0.3700459618074168,0.25523616310381636,0.20311098691574372,0.1712806669144604,0.6671952932244527,0.3760419582746876,0.25601450138337634,0.20077891014303495,0.16654961853909378,0.7050859431975285,0.3926618031651631,0.2616692590717517,0.19975685167864385,0.1599848543926594,0.767643657768053,0.42095794921082186,0.2716084817889762,0.1966473217927879,0.1413284938399319
asian,90,0.75,0.02,12.88562048149934,0.5571766351799938,0.31791093979028034,0.22078384645664884,0.17698374015617613,0.15041919343225083,0.505497250170461,0.28647280301164174,0.19682621511413115,0.15598111080099342,0.13095302940091183,0.5452213712432085,0.30572404429285405,0.20635845764818403,0.16023557798920415,0.13137845143824195,0.6140064300799172,0.33908086095941203,0.22237938916107738,0.16600359320946292,0.1284674750696306,0.7219924550554457,0.39310288238533153,0.24944062845701262,0.17439767158118516,0.10734875552474675
asian,120,1.0,0.02,1.2136825130525695,0.5701642608082047,0.3253494715347958,0.22597997095674832,0.1811740281207516,0.15400241921717397,0.5914772828920394,0.3357137709855893,0.23121945742994787,0.18371393729395327,0.15466658498560218,0.6441230057604335,0.36274183801951093,0.24662492420834822,0.193116386857563,0.15990813701131362,0.7194350519303041,0.40106748464645464,0.2677779869785344,0.2049318466277063,0.16470169044357402,0.8172242427150774,0.4508616945195352,0.29471604481812497,0.21832034673001274,0.16574455700151153
asian,90,1.0,0.02,12.992331061324013,0.5862891359305079,0.33458597775103616,0.23243341957916352,0.18637935880656306,0.1584549114524985,0.557848709120992,0.31644679390983377,0.21775398985868538,0.172849021769451,0.14537008409728194,0.5796777805832244,0.3255896508812999,0.22039051669903034,0.17169832253134654,0.14133092870946595,0.6362068817237752,0.35218423031622803,0.23205564777929383,0.1744115797403383,0.13648199022017637,0.7253094199855495,0.3951397258628354,0.25108961263348095,0.1761280583788707,0.11092362301058988
asian,100,1.0,0.02,6.431111074288829,0.49416263096360225,0.28183483616959837,0.19559915650919818,0.15668695838556218,0.1330734252979434,0.5075975970494816,0.2876748678686023,0.19766495051354402,0.1566566632792325,0.13153001364105293,0.5625856383919227,0.3157354636977915,0.213430444809971,0.16601335149755048,0.1363960180406955,0.650188624038402,0.360420653954416,0.23811223284769883,0.17963739842263693,0.1413970408547838,0.7344627881863895,0.4007491256154184,0.25560529518052855,0.1807930743103767,0.11927319305070143
asian,95,1.0,0.02,9.708762536689187,0.6211226970951437,0.35454374965360186,0.2463825073751393,0.19763480313395687,0.16808609839562955,0.5916276648895492,0.3357999491784584,0.23127970831224365,0.18376257003956012,0.15470821704718485,0.6079025198782788,0.34186148002514083,0.23188175684462903,0.18108171082208982,0.14947237830944982,0.6544148844875295,0.36290805913872115,0.23993783434877541,0.1812076802798003,0.1428657702282241,0.7468782864244927,0.408332543805468,0.2616557398247504,0.1868971124168001,0.12854126726553375
asian,115,0.75,0.02,1.7226361078376795,0.5395988902901752,0.30784500665669107,0.21375442437514755,0.17131646751838228,0.14557388759833195,0.5533776419870787,0.3138863101143167,0.21596493558948032,0.1714061058281583,0.1441361229166533,0.6003878470031259,0.33752927728812665,0.22882252380385718,0.17858393431187533,0.14730563543588196,0.682315764660425,0.37930603177038613,0.2519368293512741,0.19147931893875503,0.15239174542986034,0.7970956953791519,0.4387580532393637,0.2854310559441136,0.20974129723576682,0.1565015005449539
asian,105,1.0,0.02,3.616609706583361,0.44641900131086293,0.25451816886115225,0.17654743105973594,0.14134814417396774,0.11997840335578482,0.4536860045109212,0.25683568279137875,0.1761641335958081,0.13935250090573903,0.11676367696966312,0.5298107554670225,0.2968386955128645,0.20008112143641668,0.15510573024219015,0.1269215783243614,0.6113856246374285,0.3375317272842859,0.2212317392522669,0.16500087684158454,0.127501337302191,0.7102146664549527,0.385851243865132,0.24352619579533086,0.1680518151064232,0.0883768829722801
asian,100,1.0,0.02,7.400743194548408,0.5908783414084368,0.3372149920883483,0.23427049947438758,0.18786140929548947,0.1597225983018413,0.6041930331495405,0.3430011418366755,0.23631513441325933,0.18782746119091617,0.15818833309622365,0.6487432680226299,0.3654052423115818,0.24850530502488,0.19465102424791267,0.16123845525115518,0.712657940833269,0.39709841025991005,0.2648947565996532,0.20249163078675608,0.162479908629284,0.7982092458041531,0.43942888626044796,0.2859474216737634,0.2102228097307154,0.15703195791139424
asian,80,1.0,0.02,21.481893684015187,0.5322229960200754,0.3036218682122139,0.210805659597494,0.1689396113372199,0.14354224324763565,0.5328134720365532,0.30210973946541747,0.20774039530652175,0.16477523656105847,0.138466667377657,0.5541386115928123,0.31086535038815405,0.20999034890781773,0.16320299674175492,0.13395571317068558,0.6245758472178782,0.34532337601967156,0.22699590401010045,0.17002472085390594,0.1323187841344738,0.726740919780374,0.3960180727299048,0.25179913103716767,0.1768679780615645,0.1123570230704357
asian,80,0.75,0.02,21.824674228169574,0.45458621153422957,0.25918974029803976,0.179804623179386,0.14396955025576688,0.12221536162690615,0.5120715343138673,0.2902355279307614,0.19945179345929376,0.15809600529818837,0.13275946501412061,0.5719561276068155,0.3211379015506969,0.21724631852250234,0.16913030783898209,0.1391019701561868,0.6510372859095359,0.3609202217378698,0.2384790097132593,0.17995305370583062,0.1416925509508586,0.7633557323262015,0.41835634329164273,0.26956880891585483,0.19467455512474427,0.13887734018835957
asian,105,1.0,0.02,3.631110604329577,0.3999254530591876,0.22793262995407973,0.15802268498573807,0.12644770388290996,0.10726977348438259,0.45227125544451946,0.25602687156312215,0.1756007247827431,0.1388994641938202,0.11637748240290371,0.5339433960533939,0.2992214957192579,0.20176460366315166,0.15648160148648554,0.12811714700975835,0.646072329653921,0.3579970025285937,0.2363319048429671,0.1781039377603588,0.1399593440779869,0.7801472779087674,0.42852899032972547,0.2775146106233642,0.20229654920342277,0.14807679310049998
asian,90,1.0,0.02,13.137331954888607,0.6002714604470977,0.3425963841384012,0.23803129787632427,0.19089574933957978,0.16231872639545034,0.5932205943135277,0.33671280655320635,0.23191793754028464,0.1842777394257954,0.1551492336726785,0.610710049277666,0.34348000462761946,0.23302466263719437,0.18201480845333495,0.15028173431801878,0.6530063610815825,0.3620791696192349,0.23932965293206676,0.18068479548225322,0.1423770996881004,0.7273861338609903,0.3964138319047047,0.252118517748391,0.17720016963967664,0.11298427540283155
asian,120,1.0,0.02,1.078433407846897,0.5578173072958957,0.31827785231533556,0.22104014751958928,0.17719041082611506,0.15059588998268453,0.5390948396228796,0.3057064542303813,0.21025188299395248,0.16679939313060513,0.14019727299267604,0.5601935479726634,0.3143563180623288,0.21245628064428487,0.16521755136604993,0.1357050557798106,0.6150064231905162,0.33967181550441766,0.22281697028391642,0.16638563190478914,0.12883489478774507,0.7191828139955905,0.3913754766572911,0.2480380362824164,0.17291308477483003,0.10396234964651732
asian,115,1.0,0.02,2.0222729591865374,0.5697340480689529,0.3251030652651059,0.22580782827129994,0.18103519521198339,0.15388368685874945,0.5869166435233241,0.3331003218099785,0.22939237134995094,0.1822392407250125,0.15340471371388434,0.6358086458022012,0.3579488832781184,0.2432409625383543,0.19035446978455378,0.1575137056296754,0.7287845930031664,0.40654040857327767,0.2717495740384176,0.20828881248660008,0.16775055101028868,0.8691774210003769,0.4819174833684063,0.31821874081580914,0.23949435763174093,0.18723832808054724
asian,100,1.0,0.02,6.286154527115581,0.5416850204038389,0.3090395690051844,0.21458853091205599,0.17198885784788015,0.14614866690979042,0.525279304098918,0.29779615174804014,0.204728855092989,0.16234789343394318,0.13639226737233906,0.5497130697791972,0.3083137810170262,0.20818791491109867,0.16173037686315905,0.13267678960705406,0.6099308828489052,0.33667162400410056,0.22059418398930716,0.1644432883638275,0.12696301616144492,0.7060275358680483,0.3832657112234508,0.2413995758198037,0.16570971848462243,0.06500665636384415
asian,110,0.75,0.02,2.092654173239408,0.4110627567705915,0.23429958329728562,0.16245784653068154,0.13001360253073432,0.11031002060592239,0.4684537476512046,0.26528006310887214,0.1820479311493136,0.14408487251980148,0.12079917436766073,0.5381577168479811,0.301651368088981,0.2034812837546403,0.15788450709160098,0.12933605748360677,0.6146826559091766,0.3394804903610872,0.22267531375967153,0.1662619760742592,0.12871600812245854,0.715887001060932,0.38934738791780293,0.24638677152394148,0.17114972185994667,0.09938064545661682
asian,100,1.0,0.02,6.567295510949518,0.4444637532184303,0.2533998955177263,0.1757682401089142,0.14072117942281415,0.11944309951214299,0.49462260278491943,0.2802497800484707,0.19248535770909173,0.15248512738158407,0.12796771596206036,0.574680958132539,0.32270885007644295,0.2183558722081165,0.17003656184457833,0.13988861482799564,0.6780355361915194,0.3767929250497599,0.2501016947563239,0.18991346858070127,0.15094763871825967,0.7922032338545514,0.4358089260106857,0.28315547933364343,0.20761480160306217,0.15414000331894573
asian,90,1.0,0.02,12.810333027363075,0.4691452958691319,0.2675191060985946,0.18561287400396925,0.14864510551008348,0.12620635314417034,0.48198641461002983,0.27302028110991505,0.1874435248962435,0.1484265797566763,0.12450371295970018,0.5378735358160167,0.3014875171088393,0.2033655265587686,0.15778991101797152,0.1292538726256548,0.6129541048523103,0.3384589018290169,0.22191872095466064,0.16560125180437682,0.12808010524366983,0.7236604702210839,0.39412744005409434,0.25027073288753215,0.1752706649693589,0.10919507132483142
asian,80,0.75,0.02,21.604221124369488,0.5731850550589987,0.32707958949191607,0.22718867607468354,0.18214909676738436,0.1548361578577779,0.5699754738641973,0.3233936471279883,0.2226078988023846,0.17676456618430808,0.14871976186775576,0.5921765244769173,0.33279539360821914,0.22547948628698763,0.17585419823047038,0.14493731889903935,0.6510323429884446,0.3609173121871618,0.23847687373841817,0.17995121570042635,0.14169083045985026,0.737481962703396,0.4025958209269259,0.2570841791093698,0.1822993428557434,0.12169491931352168
asian,95,1.0,0.02,9.692198318239832,0.5778688842112253,0.32976262647914195,0.2290632021628996,0.18366084985464115,0.15612933548998925,0.582805335404955,0.330744492260095,0.22774553848084533,0.1809101555276514,0.15226705240345476,0.604709371406339,0.34002063917351305,0.2305818426669021,0.18002039317498092,0.14855175558381417,0.6460081548217581,0.35795920903705586,0.23630413096872357,0.17807999809464825,0.13993687049306572,0.7220026273221771,0.39310913231909045,0.2494456962133685,0.17440301311853612,0.1073603472705617
asian,100,1.0,0.02,6.573303279071912,0.6054981798489181,0.345591045940045,0.2401243432969351,0.1925844647005742,0.16376407486880676,0.5744477985905102,0.32595591499563953,0.2243985499780804,0.17820931826851102,0.14995584728442754,0.5752145818893327,0.3230164996222476,0.21857316130806656,0.17021403404493787,0.14004265822346615,0.631028767311947,0.3491308687029004,0.22980558667097348,0.1724632819709982,0.13463755167867048,0.7227356374610224,0.3935594439600599,0.24981070110042494,0.17478734954636255,0.10818457603208351
asian,105,1.0,0.02,4.804228657171474,0.5682518183256092,0.3242541310263174,0.22521475660919352,0.18055689061170035,0.15347464372134514,0.5867403178759345,0.332999282474916,0.2293217373030645,0.18218223272641046,0.1533559152390714,0.6066425703048847,0.34113512390145295,0.23136884152662046,0.18066294443602476,0.1491091326853395,0.6484775859135815,0.35941332167686746,0.23737246715667942,0.17900047055897989,0.14080032779277363,0.7179705755145244,0.3906297930300303,0.24743135903280764,0.17226757453654715,0.10236806921715473
asian,110,1.0,0.02,2.1714573264926362,0.45409176772583504,0.2589071941250591,0.17960759549353064,0.1438109708438251,0.12208002100023102,0.4798077324090775,0.27177397230947536,0.18657458774261443,0.14772723794440465,0.1239068561002562,0.5499055616808644,0.30842476372539335,0.20826631457654177,0.16179443277647923,0.13273242320819803,0.6508670073298766,0.36081998990033654,0.23840542574700604,0.17988973301132488,0.14163327572340945,0.7819289960110791,0.42960606955067043,0.27835144701914466,0.20309002616250663,0.14899730956256776
asian,100,1.0,0.02,6.586495762781145,0.522384384973443,0.2979890386321151,0.20687325294154557,0.16577003925421827,0.14083363829285225,0.5123108471307731,0.29037250437632905,0.1995473822905696,0.15817300968183637,0.13282524490279268,0.5763863803814381,0.32369207429863706,0.21905030873067008,0.17060374282262436,0.14038091358149998,0.6612357979592719,0.3669205183589012,0.2428795312474983,0.18373354361570235,0.14522034991455146,0.7651681514601104,0.4194563283199601,0.2704318668356971,0.1955107624494007,0.13992326297595364
asian,110,1.0,0.02,2.001474188723122,0.4283913980473974,0.24420799977887478,0.1693614703673486,0.1355663123540971,0.11504538553486468,0.459917781892197,0.260398710521102,0.17864640274033974,0.1413487292149085,0.1184656556245427,0.5505963506090106,0.3088230431035271,0.2085476635024986,0.162024305475026,0.1329320690585398,0.6575032616076676,0.3647251317931476,0.2412704845808246,0.18235261046551418,0.143933895552438,0.7817710706281699,0.42951061812039687,0.278277318722136,0.20301980503587433,0.14891609217136975
asian,105,0.75,0.02,3.7687953130349805,0.4384309753817163,0.24994955295204838,0.17336292196259018,0.13878561336980724,0.11779181270819,0.4606981700167893,0.2608449338063439,0.17895731056744446,0.14159878764783929,0.1186788855552491,0.5464582632800653,0.30643719007295256,0.2068622486406623,0.16064722192414754,0.1317360088409285,0.6399933165793061,0.3544159088058654,0.23369851446715106,0.17583168621805076,0.13782211775847283,0.7416264102827864,0.4051280643843789,0.2591059760827562,0.18434360386319898,0.12482828688691677
asian,85,1.0,0.02,17.42802024378595,0.5573257172590352,0.31799631879753826,0.22084348682356858,0.17703183159416488,0.15046030953175168,0.5560180639347364,0.31539870015346005,0.21702143823778494,0.17225818290866535,0.144864827294904,0.6002528038739976,0.3374514245367319,0.22876754601151064,0.1785390446109208,0.1472666922252592,0.6773232546266305,0.3763746308239286,0.24979611951873062,0.18965256553783563,0.15070675929772903,0.7811278885558237,0.4291218390283958,0.2779753245206241,0.20273359581039407,0.14858457556848093
asian,85,1.0,0.02,17.538192434751437,0.5181625166394269,0.295572111182082,0.20518614051133313,0.16441070828142015,0.1396718526419157,0.5150079429459692,0.2919162913063332,0.20062475332654742,0.1590409550510768,0.13356670685679953,0.5871687851481543,0.3299083643673098,0.22344060405362912,0.17418907143245363,0.14349260650586018,0.682610011234341,0.379478765552171,0.25206291683472754,0.19158684224194444,0.152490811990444,0.7967428515015906,0.43854545925031013,0.28526719757399177,0.2095885437310642,0.1563328896275232
asian,95,1.0,0.02,9.86516459659577,0.6331301210091403,0.3614249413650068,0.2511935423074312,0.2015183192420042,0.17141008148233025,0.6173090170088887,0.35051941820383237,0.24157315135111335,0.19207350161124595,0.16182440416636226,0.6272404942029729,0.35300956448571646,0.2397535187709997,0.187507868981706,0.15504553399283175,0.6612246259747222,0.3669139483690142,0.24287471766121466,0.1837294147815514,0.14521650743246986,0.7211477025379237,0.39258378350996653,0.24901954351849387,0.17395332002404124,0.10637059065298833
asian,110,1.0,0.02,2.259670221111557,0.41647831008324776,0.23739571913711524,0.16461487570342487,0.13174836522814276,0.11178934571972352,0.4875961750153842,0.2762295632430392,0.18968136450337825,0.15022784221848964,0.1260406722341019,0.5613588232970045,0.3150281515073988,0.21293083452944137,0.1656052204173237,0.1360416587594814,0.6371287960293732,0.3527276763600449,0.23245583860419283,0.17475769282745135,0.13680893456455143,0.7186635928477616,0.3910561267771745,0.24777830858275446,0.1726370145326423,0.10329078334908133
asian,85,1.0,0.02,17.0333353077014,0.4137927577304192,0.23586060503105521,0.1635451530597422,0.13088804232337561,0.11105567254303836,0.46910754486700845,0.2656539822452555,0.18230853195301763,0.14429452780879096,0.12097801009512237,0.5451058906455307,0.30565746239389524,0.20631142163170865,0.16019714480217995,0.13134506743405613,0.6340120181506363,0.35089019891088763,0.23110239014971468,0.17358664586112083,0.1357018806572074,0.7258428992072318,0.3954671090274656,0.25135417798433374,0.17640427795769031,0.11146464798034833
asian,80,1.0,0.02,22.095757375421382,0.574482835009198,0.3278228897440635,0.22770797777820334,0.1825678568564827,0.1551943883583779,0.5818093987856311,0.3301738275565391,0.22734663924209664,0.18058823958950937,0.15199150875721076,0.6241153360778013,0.35120797536001275,0.23848145526302308,0.18646949780801805,0.15414511963070368,0.6969003342944831,0.3878630940151102,0.258176104776473,0.19679083599084285,0.1572715341456411,0.8163854095370734,0.45035817093631325,0.2943313641639029,0.2179677637532706,0.16537246839577158
asian,80,0.75,0.02,21.6619680198508,0.48456481930753525,0.27634219527879067,0.1917671613352054,0.15360057949410744,0.1304375292031724,0.5030505126665731,0.2850725495123249,0.19584925247149032,0.1551942801583156,0.13028104899594395,0.5528028881992026,0.31009523453092597,0.20944634371443535,0.16275854524692465,0.13356973665063804,0.6330809491594859,0.35034117478413523,0.23069780140970556,0.1732363098095853,0.13537020677639877,0.7376269375976354,0.4026844530119627,0.25715506586737263,0.18237131362338024,0.12180804169855168
asian,110,1.0,0.02,2.97005478562916,0.5622449657637031,0.32081346670631633,0.22281146128828522,0.1786187624683126,0.15181703822578868,0.563901698313972,0.3199141267420411,0.22017651351586537,0.17480308390810245,0.1470418362571657,0.6285567408885957,0.3537683509485376,0.2402892755411758,0.1879451917458539,0.15542474076816518,0.7220102228133147,0.4025752240018731,0.26887257822216515,0.20585761696747126,0.1655432464022934,0.8260632509930823,0.4561629400231438,0.2987583524647934,0.22201197200479741,0.16960659191047667
asian,110,1.0,0.02,3.0482846740863527,0.5635930691815362,0.32158549494488575,0.2233508007761194,0.17905370162408388,0.15218932641562474,0.5687893439261753,0.32271411956556206,0.22213303850268568,0.1763814587703173,0.14839201331990326,0.6529139460323429,0.36780946360692185,0.2502026662714896,0.1960362404900555,0.16243916955284807,0.7437770742752259,0.41530968018058173,0.2781045114927758,0.21364899268173346,0.1726023400278518,0.8395748027066429,0.4642520782718763,0.3049003676707101,0.22757796444374548,0.17532538704541978
asian,90,1.0,0.02,13.043090084832944,0.5446991825466063,0.31076555893960445,0.21579377563314195,0.17296047411783597,0.14697926785813215,0.5637689377573053,0.31983807454886104,0.2201233743344606,0.174760217731492,0.1470051704421755,0.59676313239572,0.335439612722132,0.22734683649491697,0.17737900290641495,0.14626028491696208,0.6420432101881786,0.35562372821779786,0.23458708320345692,0.17659894800988135,0.13854473424886818,0.7266457135367376,0.39595966840071717,0.25175198155331147,0.17681889234145765,0.11226346546044226
asian,110,1.0,0.02,3.203301433724021,0.5735978693332147,0.32731602515803593,0.22735385936612834,0.18228229416645533,0.1549501047301219,0.5881210644054692,0.33379049354047385,0.22987485991625775,0.18262865794712188,0.153737555313634,0.6122686978391939,0.34437855339968576,0.23365915665232442,0.182532813626113,0.15073102720777898,0.6723378322179812,0.3734462162899027,0.24765580113013178,0.18782376405598628,0.14901614278796793,0.782688198892773,0.4300648917994735,0.27870768382113503,0.20342730871683207,0.14938676203154694
asian,85,1.0,0.02,17.278766600889764,0.6184605078297439,0.35301814912539525,0.2453159715439946,0.19677429129675766,0.16734939990380093,0.5816063026086217,0.3300574557877433,0.22726529547548222,0.1805225951599565,0.15193532080249575,0.5956591715238947,0.3348031716525782,0.2268973858449536,0.17701200659411892,0.14594187891375002,0.657216911399368,0.3645566769421344,0.24114697273017227,0.18224654337787224,0.1438349759869336,0.7640198520464746,0.4187594659404605,0.26988521661548814,0.19498137190717643,0.13926231715858142
asian,85,1.0,0.02,16.82131906043222,0.38746102251096515,0.2208080996588432,0.15306144110745332,0.12245952200370074,0.10387049138134606,0.39433173347505496,0.22292547688728817,0.15256870005912526,0.12040244392659634,0.10062796750413783,0.4618342021787426,0.2576410575827242,0.17237774777794423,0.13244816038202942,0.10720769497631026,0.5685942064146895,0.3121586027635976,0.20229920149760178,0.14824293794874177,0.1108902279200979,0.7085972315033109,0.38485297203701746,0.24270628066329697,0.16715314282658533,0.08346418819443192
asian,80,1.0,0.02,21.54383397022413,0.5720092978517848,0.3264062004473338,0.22671822429668945,0.18176927383262795,0.15451163937973492,0.4181161715955476,0.23650780125903437,0.16201311570158908,0.12798186751591334,0.10707646543292376,0.45519377726882815,0.2538115285193162,0.16967002713509086,0.13023163525522824,0.10527596449686978,0.5884450466694736,0.3239488888366222,0.21113124371408318,0.15611618046093037,0.11881911105443622,0.7286905015152816,0.3972136472827018,0.25276342001427077,0.17786929523972603,0.1142216336022107
asian,115,1.0,0.02,1.9482645433629464,0.583383182948181,0.33292131194711233,0.23127031261461276,0.18544104409877396,0.15765211690217235,0.5705800549795663,0.32374001258801266,0.2228499471837948,0.17695984973146653,0.14888683135618866,0.5928408859189466,0.33317840502635,0.22574997252120652,0.17607507168201658,0.145128962754177,0.6473661466490545,0.3587588993872833,0.23689173152992946,0.1785863673402044,0.1404120376393302,0.7332216720303617,0.3999894928164226,0.2549958792220734,0.18016938798142493,0.11823794360499981
asian,80,0.75,0.02,21.74502138997781,0.50203649391656,0.2863413441926748,0.19874372443695942,0.15921985085492227,0.13523710963907154,0.4547126493323605,0.2574226335398088,0.17657301208014858,0.13968129209112917,0.1170439725355669,0.46938439159540724,0.26199514337489915,0.1754560939068497,0.13496757154362585,0.10940258961800624,0.567213456461487,0.3113367310571734,0.20168105017705357,0.1476875301999613,0.11032015480847973,0.7277279102951186,0.39662343588752413,0.25228759743822016,0.17737581006712425,0.11331248933031111
asian,80,1.0,0.02,21.63262576445484,0.473264505910593,0.2698760304057669,0.18725665484870516,0.14996855650652954,0.12733624330452117,0.46323348688814775,0.26229467229000225,0.1799674759518062,0.1424112919886764,0.11937177021026618,0.5574937493914203,0.31279975713490776,0.21135677856442667,0.16431932962491047,0.13492511593159884,0.6540004929627445,0.36266420885865336,0.23975893168905182,0.1810538930135751,0.142722087739216,0.7584468924145278,0.4153745358023446,0.267224228640069,0.1923916289082482,0.13596536526426803
asian,85,1.0,0.02,17.200280099971852,0.558276659000142,0.3185409241822817,0.22122391124968974,0.1773385911648122,0.15072258239911068,0.5842606355178445,0.33157838244075144,0.2283284496304933,0.18138058356358674,0.15266972001683562,0.6325273996141868,0.3560573368167089,0.2419054393960584,0.18926438603729545,0.15656857811342623,0.6859182789903769,0.38142057225523973,0.25347993438799893,0.19279468937765784,0.15360282877452128,0.7369151018333064,0.4022492266824078,0.25680689725316336,0.1820175988998152,0.12124994748109566
asian,85,0.75,0.02,17.146360058972174,0.44546157515665713,0.2539706223677298,0.17616616985665018,0.1410409048393175,0.11971629196536296,0.49747223069741425,0.2818803622614112,0.19362228153523495,0.15340094369813187,0.12874966206429472,0.545251093897935,0.3057411812883678,0.2063705638746742,0.1602454699906507,0.13138704385512026,0.6229285094956618,0.3443509338753457,0.226277586468577,0.16940021957915596,0.1317230324179515,0.7366527081977946,0.4020887718876201,0.25667848691003,0.18188700100022798,0.12104251665185836
asian,110,1.0,0.02,2.7036083766114873,0.5983827689295966,0.341514300041186,0.23727503946960543,0.19028547802047283,0.16179662737487507,0.5404440242396714,0.306479044854174,0.21079141256815723,0.1672343770135172,0.14056912544842212,0.5553311261073968,0.3115528968845583,0.2104760230654587,0.16359978449757384,0.13430028574420658,0.605724213083841,0.3341835697380356,0.21874841148366203,0.1628267490124186,0.1253978345589348,0.705938176459969,0.3832104871809348,0.24135404469627175,0.1656591753946616,0.06239522379312045
asian,120,1.0,0.02,2.026395244541251,0.6857390067076694,0.39158146639830715,0.2722860821265594,0.2185509914103088,0.185996018066393,0.675829429270643,0.3840768107848837,0.2650584579166629,0.2110499054913018,0.17808589232317898,0.6980774786499295,0.39384349801198065,0.26858053512866803,0.21103145023720443,0.17543288315629743,0.7290963767194988,0.40672286301950594,0.2718818998919727,0.20840056340020988,0.16785190933991648,0.7915342811551214,0.4354054687569365,0.2828437726868977,0.20732270726748708,0.1538130320800075
asian,85,1.0,0.02,17.36047387045242,0.4761437505346788,0.27152348407805055,0.18840575066026258,0.15089378132406725,0.1281262051130049,0.5026166850014652,0.28482427889353773,0.1956760395301393,0.15505478348724588,0.13016191918260592,0.5660322530225441,0.3177225775439053,0.21483402050170006,0.16715989371768672,0.13739144577197077,0.6568608433223535,0.36434720212679045,0.2409933752866378,0.18211462678774315,0.14371192668400326,0.7793249168145134,0.4280317146115712,0.27712797749498935,0.2019293871221012,0.14764919451712769
asian,95,1.0,0.02,9.82790526383047,0.5718758185291805,0.32632975465760944,0.22666481714830122,0.18172621531546243,0.1544747998919149,0.5598675147267904,0.3176031951650079,0.21856189429844808,0.17350066539886935,0.14592737720976792,0.6009417377327969,0.3378485966971152,0.22904801925150237,0.17876805200130705,0.14746536220403267,0.6715469314107534,0.3729815343343354,0.24731600587105118,0.18753319914680394,0.1487471750840678,0.7507608628348192,0.41069847564197026,0.2635316023663832,0.18876028621274443,0.13113482401301557
asian,105,0.75,0.02,4.410780295997324,0.539679541518372,0.3078911892278929,0.21378667063423043,0.171342461433714,0.14559610762531122,0.549659020880307,0.3117564320278649,0.2144771980233642,0.17020632335447544,0.14311012805963813,0.5755124183380542,0.32318821082402205,0.21869443849030096,0.17031308739148313,0.14012863434922737,0.6381836179008274,0.35334940395488335,0.2329135732178859,0.17515342678709275,0.13718249386831444,0.750267792177247,0.4103981533331219,0.2632937778728492,0.18852481905525298,0.13081175960541658
asian,80,0.75,0.02,21.624422291472918,0.5538883456241677,0.3160277748882223,0.2194688318586622,0.17592347586954268,0.14951236899321174,0.5464261735023364,0.3099048660280254,0.2131839817769569,0.16916349650576223,0.14221843925658423,0.5582087554399854,0.3132119925958414,0.21164796985795925,0.1645572173579524,0.13513168263080647,0.6230343488694307,0.3444134175906551,0.2263237505351129,0.16944036777197896,0.13176135681856269,0.730922149866184,0.3985812777985223,0.2538644308305499,0.17900673982647455,0.11624989975901849
asian,110,1.0,0.02,3.102177685039453,0.6377039932011287,0.364046277950137,0.25302627475443035,0.20299795889706057,0.1726768309024476,0.5828571465686216,0.33077417989812424,0.22776629061111825,0.18092690290886854,0.1522813873851967,0.5803999624677852,0.3260060057033545,0.22068457323344515,0.17193849604818204,0.14153935817050167,0.62960015678499,0.34828816384340305,0.22918410417585625,0.17192444633986334,0.13412618941075868,0.7176964640973005,0.3904611354834089,0.2472940385202336,0.17212109355029384,0.10199420002235936
asian,85,1.0,0.02,17.481234540154414,0.5689400814821569,0.3246483214488573,0.22549013999687487,0.18077898237208972,0.15366457286064863,0.5078750044810001,0.28783363628448655,0.19777573391486855,0.15674589611878792,0.13160622943467024,0.5889198509500664,0.33091788031832353,0.22415355308942514,0.1747714436069588,0.1439978149644604,0.6815679801643009,0.37886703635272373,0.25161635642659635,0.19120599433314808,0.15213986251831377,0.7894018398137723,0.43411898187719633,0.2818491507542393,0.20638932382958297,0.15276383468472468
asian,120,1.0,0.02,1.5162325396622574,0.6106346046388695,0.3485339310827836,0.24218134862435584,0.1942444423722363,0.16518435572431417,0.6186796766436119,0.3513051422034051,0.24212278046016106,0.19251737254420365,0.1622044678523449,0.6392044111830182,0.3599064372058878,0.24462306743759357,0.19148253954090186,0.15849171713595203,0.6685969388714414,0.3712480385935343,0.2460479834687013,0.18644833078093262,0.1477420478116336,0.7092168762802767,0.38523548504518146,0.24302062363753396,0.16749850005387254,0.0855338221500403
asian,100,0.75,0.02,6.586031223934384,0.5175871497581591,0.2952427347633692,0.20495623266534696,0.16422544290264468,0.13951354488296144,0.5218643636103819,0.29584114951187807,0.20336415630591104,0.16124816162347466,0.13545252621389395,0.5734274884711489,0.3219861873075435,0.2178454613367118,0.16961967580278842,0.13952675630553968,0.6631084994817454,0.3680217194626981,0.2436861977658362,0.18442526405819287,0.14586377631918515,0.7837952292956183,0.43073378578879606,0.27922676414623765,0.2039182488924979,0.14995176446316275
asian,115,1.0,0.02,2.74428738315997,0.7004521387531016,0.4000177603954492,0.27818931091683546,0.2233197945179321,0.19008149288768866,0.6558456845467716,0.37261514130786805,0.2570344329992981,0.2045642041820582,0.1725261442295774,0.6875059460906474,0.3877497852824157,0.26427918317186117,0.2075222696484343,0.1723927418715766,0.7519653071290167,0.42009620194523567,0.2815686032418658,0.21656542441541402,0.17523488570882687,0.8727673402448803,0.4840549850807733,0.3198222759890148,0.24091696271647148,0.18863591697288898
asian,105,1.0,0.02,4.797050704102803,0.5325157289706803,0.3037894730102586,0.21092267850695673,0.16903392823231825,0.1436228558661299,0.5789405418560528,0.32853003447949386,0.2261976621459295,0.1796610419615167,0.15119800282805257,0.616654179958199,0.3469067376584978,0.23544435939144956,0.18399021975724117,0.15199504507152214,0.6629211877672864,0.36791158311889394,0.2436055319118244,0.18435611001180086,0.1457994788746293,0.7259557243450189,0.39553633969282836,0.2514101081198812,0.17646262316463754,0.11157800483327118
asian,85,1.0,0.02,16.985186298435917,0.5141917155397847,0.2932990153738461,0.20359955112424918,0.163132225706775,0.13857942515123375,0.5243386462181694,0.29725762810872824,0.20435292413331652,0.1620449420168913,0.13613338063707636,0.5628830756462805,0.3159069489344025,0.21355157283052387,0.16611229978875483,0.1364819281771886,0.6328910004595715,0.3502291608602129,0.23061524493605576,0.17316480796271697,0.13530248601016612,0.7198115229626273,0.3917623984922541,0.24835254000767293,0.17324735612367592,0.10475527716319702
asian,105,1.0,0.02,3.0404612545576266,0.37187629617965484,0.21190204619459038,0.14686128894643033,0.11747682608398688,0.099625084170132,0.39079668128959233,0.22090748240882924,0.15116632530330526,0.11927770930130341,0.09967163222518272,0.48590719724741016,0.27152324496791747,0.18219163910001956,0.14047832968961124,0.11420078874190226,0.6029015379565569,0.33251332150977825,0.2175080559181625,0.16173847742892233,0.12434021999689118,0.7296054886039278,0.3977745006663244,0.25321519627182637,0.17833676267604218,0.11506606151102643
asian,100,1.0,0.02,6.618556349763804,0.567138664632892,0.3236165897852886,0.22476937004832473,0.18019769930615842,0.1531674796722098,0.5590507530753058,0.3171353384936396,0.21823502764838426,0.17323701599023295,0.14570189639225659,0.5792341717976205,0.3253338997204338,0.22020988811318068,0.17155080153981342,0.1412028952643701,0.6473074902642845,0.35872436017935727,0.2368663560919282,0.17856450472504873,0.14039153045508881,0.7506749525374498,0.41064615182659037,0.2634901732727256,0.1887192819811471,0.13107866025577863
asian,85,1.0,0.02,17.317101795171773,0.6210507935553756,0.35450254446611046,0.24635370019543992,0.1976115591319796,0.16806619948350685,0.6091930968602837,0.34586728106347403,0.23831966014298842,0.1894458938723155,0.1595741589003822,0.6459599069439084,0.3638007433132031,0.24737252314396072,0.19372653315004584,0.16043706021005788,0.6975657755200787,0.3882533033447522,0.25846029973476686,0.1970323401620858,0.15749276297032727,0.7583636033532535,0.41532391014500414,0.26718435722950756,0.1923526586174708,0.1359148790765738
asian,90,1.0,0.02,13.056849048467509,0.4747950703801515,0.27075178579360276,0.18786748451315513,0.15046037626340517,0.12775615529874523,0.47977209826543055,0.271753588326052,0.18656037633800898,0.14771580066576837,0.12389709517751417,0.5421052028785031,0.30392736948209004,0.20508920252698634,0.15919844377525957,0.13047753427713216,0.638386429622277,0.35346893636292154,0.23300156413889625,0.17522948139245073,0.13725425558592658,0.7523467312767851,0.4116641705496217,0.2642957395691385,0.1895155176441412,0.13216232398908645
asian,100,1.0,0.02,6.694639821582045,0.569785673548068,0.32513263390811614,0.2258284852801513,0.18105185502034657,0.1538979345494155,0.5647655045830351,0.32040896345177844,0.22052226981755785,0.17508200088176049,0.14728041318792048,0.5859926964269035,0.3292303296399312,0.2229617521903628,0.17379838075088588,0.14315326723617783,0.637264340600265,0.35280757216123243,0.23251466640175317,0.17480856109081389,0.13685696779909703,0.7204949751798764,0.3921825815789109,0.24869385781905035,0.17360893398025917,0.10559254057272853
asian,105,1.0,0.02,4.509210395992603,0.5663156025713337,0.3231452018876929,0.22444005637565087,0.17993212431444663,0.15294038203172436,0.5581102146524989,0.3165965863565515,0.21785863812967884,0.17293342778429602,0.14544226681982578,0.5892908158329307,0.3311317467878647,0.22430459071795764,0.17489478277311066,0.14410483924003917,0.6413136773245084,0.3551939084645692,0.23427091913310022,0.1763260116725077,0.13828779238495637,0.7102461372918827,0.3858706614885921,0.2435421298031173,0.1680692372731686,0.08845903309587129
asian,110,1.0,0.02,3.4314640216751244,0.5996506557484506,0.3422407057115219,0.2377827153430699,0.1906950972599563,0.16214710909727476,0.6096793518250299,0.3461459944488726,0.23851459650665582,0.18960329284650615,0.15970894308835626,0.6482122181659549,0.36509911328894795,0.24828917800488381,0.1944746394247506,0.16108555858797946,0.7052172189210916,0.39273873978644747,0.2617252308304071,0.19980433721236335,0.16002822989510096,0.7906663770821694,0.4348819372136142,0.2824391430960734,0.2069432387107136,0.1533872885961614
asian,120,0.75,0.02,1.1753150337544804,0.5872245884770292,0.3351218598101352,0.23280786389961924,0.18668143455880126,0.1587134324480042,0.5478173310189941,0.3107016221428673,0.2137404580705689,0.16961221959295286,0.14260211855180752,0.5744795080478214,0.3225927081896638,0.21827384241882045,0.16996956319333872,0.13983046045463773,0.6251779416079652,0.34567875347618565,0.2272583379239238,0.17025276908483628,0.13253613298624115,0.7182378753150244,0.3907942439692232,0.2475652176969916,0.17241022765070982,0.10272768990146287
asian,120,1.0,0.02,1.2363887467172907,0.5777852367049264,0.32971471367355537,0.2290297264765481,0.18363384975361144,0.1561062399390309,0.576915924993624,0.3273700102492328,0.2253868722643837,0.17900678868131945,0.15063820321492627,0.596733843758767,0.335422727636172,0.22733491239221054,0.17736926640979755,0.14625183762118835,0.6405023839119357,0.3547158803223153,0.23391923491183295,0.17602232725061576,0.1380017580904093,0.7117240710342703,0.38678229632727723,0.24428960391064342,0.16888436627990522,0.09194219886675309
asian,80,1.0,0.02,21.432233640401588,0.49185286922577703,0.28051294912277297,0.19467684315469125,0.15594407677611502,0.13243893022004466,0.5169965065372143,0.2930545684044737,0.2014191775811685,0.15968099823567822,0.1341135158211666,0.5702543990834434,0.32015679863440477,0.2165533597838117,0.16856430103800918,0.13861064141490342,0.6325547443134861,0.3500308629131461,0.2304690864321405,0.17303820756414068,0.1351825571162085,0.7264230925279781,0.3958230943074536,0.25164171008670116,0.1767040460887399,0.11204374313172287
asian,105,1.0,0.02,2.821856848413985,0.3426011737840336,0.19517720015510723,0.13522405012641167,0.10813006570522357,0.09166501180105793,0.37669362271170925,0.21285871450133567,0.1455751032332431,0.114795195159989,0.0958621462612761,0.4653619557473962,0.2596754758790515,0.17381611478634706,0.13362543267058252,0.10823343043894962,0.5807463462706695,0.31938055549466177,0.20771688424017776,0.15308558695916408,0.11579794506595549,0.7070274592962265,0.38388353357927396,0.2419086434263038,0.16627367189793707,0.07609457861391686
asian,110,1.0,0.02,2.809084616425461,0.5704054768525431,0.32548762976526585,0.22607649044074044,0.18125187139909812,0.15406899274383756,0.547177227952402,0.31033501494750326,0.21348440697124177,0.16940574710804504,0.14242557302719153,0.6370344177214405,0.35865550407921065,0.2437398653962988,0.1907616768400913,0.15786675103591458,0.756003162593124,0.4224558168033388,0.2832752128606307,0.21800090762622265,0.1765288315897694,0.9093474418704597,0.5057836858783523,0.3360401301827529,0.25518397616757305,0.20243007138474406
asian,80,0.75,0.02,21.982474026679654,0.5653131360648974,0.3225710745181795,0.22403897329823283,0.17960867241055203,0.15266380754292388,0.549513512021459,0.3116730923748341,0.21441898750545088,0.1701593817298282,0.14306998801471923,0.584230560073845,0.32821442601637124,0.22224427889261733,0.17321224132100704,0.14264480375105507,0.6700649961005457,0.3721107627165708,0.24667913391433155,0.18698842856596398,0.14824262481544542,0.7862360259117667,0.43220800491176364,0.28036972591107046,0.20499711051851882,0.15118569118669842
asian,120,1.0,0.02,1.2117287292768386,0.5875545337438886,0.335310873042896,0.23293993777053765,0.18678798298027258,0.15880411197722033,0.5672460683381865,0.32183000125779876,0.22151522749771413,0.17588303709886008,0.1479656305421882,0.6324343326776907,0.35600368620167056,0.24186755915346003,0.1892334668480218,0.1565417697580042,0.7338304515816246,0.40949280801753074,0.2738902181575413,0.21009587430195237,0.1693880046851712,0.8675108646385867,0.48092485277616936,0.3174735365497865,0.23883241357452475,0.1865864369366802
